run-id,use_vernalisation_fix,yields,bgr,pheno,sowing-date,harvest-date,nc_mode,crop-id,sim.json,crop.json,site.json,incl_hist,climate_path_to_latlon_file,climate_path_to_csvs,gcm,rcm,scenario,ensmem,version,start_date,end_date,groundwater-level,impenetrable-layer,elevation,slope,latitude,landcover,fertilization,NitrogenResponseOn,irrigation,WaterDeficitResponseOn,EmergenceMoistureControlOn,EmergenceFloodingControlOn,LeafExtensionModifier,CO2,O3,FieldConditionModifier,StageTemperatureSum,comment,region_name
1,True,False,False,False,fixed,auto,False,WB_sfix_hauto,sim.json,crop.json,site.json,True,dwd_core_ensemble,dwd_core_ensemble/csvs_dwd_core_ensemble,CCCma-CanESM2,CLMcom-CCLM4-8-17,rcp85,r1i1p1,v1,1960-01-01,2099-12-31,False,False,True,True,True,False,False,True,False,True,False,False,False,,,0.73,100_256_230_100_267_25,simulation_runs_with_dwd_ensemble,
2,True,False,False,True,fixed,auto,False,WB_sfix_hauto,sim.json,crop.json,site.json,True,dwd_core_ensemble,dwd_core_ensemble/csvs_dwd_core_ensemble,ICHEC-EC-EARTH,CLMcom-CCLM4-8-17,rcp26,r12i1p1,v1,1960-01-01,2099-12-31,False,False,True,True,True,False,False,True,False,True,False,False,False,,,0.73,100_256_230_100_267_25,simulation_runs_with_dwd_ensemble,
3,True,False,False,True,fixed,auto,False,WB_sfix_hauto,sim.json,crop.json,site.json,True,dwd_core_ensemble,dwd_core_ensemble/csvs_dwd_core_ensemble,ICHEC-EC-EARTH,KNMI-RACMO22E,rcp26,r12i1p1,v1,1960-01-01,2099-12-31,False,False,True,True,True,False,False,True,False,True,False,False,False,,,0.73,100_256_230_100_267_25,simulation_runs_with_dwd_ensemble,
4,True,False,False,True,fixed,auto,False,WB_sfix_hauto,sim.json,crop.json,site.json,True,dwd_core_ensemble,dwd_core_ensemble/csvs_dwd_core_ensemble,ICHEC-EC-EARTH,KNMI-RACMO22E,rcp45,r1i1p1,v1,1960-01-01,2099-12-31,False,False,True,True,True,False,False,True,False,True,False,False,False,,,0.73,100_256_230_100_267_25,simulation_runs_with_dwd_ensemble,
5,True,False,False,True,fixed,auto,False,WB_sfix_hauto,sim.json,crop.json,site.json,True,dwd_core_ensemble,dwd_core_ensemble/csvs_dwd_core_ensemble,ICHEC-EC-EARTH,KNMI-RACMO22E,rcp45,r12i1p1,v1,1960-01-01,2099-12-31,False,False,True,True,True,False,False,True,False,True,False,False,False,,,0.73,100_256_230_100_267_25,simulation_runs_with_dwd_ensemble,
6,True,False,False,True,fixed,auto,False,WB_sfix_hauto,sim.json,crop.json,site.json,True,dwd_core_ensemble,dwd_core_ensemble/csvs_dwd_core_ensemble,ICHEC-EC-EARTH,KNMI-RACMO22E,rcp85,r1i1p1,v1,1960-01-01,2099-12-31,False,False,True,True,True,False,False,True,False,True,False,False,False,,,0.73,100_256_230_100_267_25,simulation_runs_with_dwd_ensemble,
7,True,False,False,True,fixed,auto,False,WB_sfix_hauto,sim.json,crop.json,site.json,True,dwd_core_ensemble,dwd_core_ensemble/csvs_dwd_core_ensemble,ICHEC-EC-EARTH,SMHI-RCA4,rcp45,r12i1p1,v1,1960-01-01,2099-12-31,False,False,True,True,True,False,False,True,False,True,False,False,False,,,0.73,100_256_230_100_267_25,simulation_runs_with_dwd_ensemble,
8,True,False,False,True,fixed,auto,False,WB_sfix_hauto,sim.json,crop.json,site.json,True,dwd_core_ensemble,dwd_core_ensemble/csvs_dwd_core_ensemble,MIROC-MIROC5,CLMcom-CCLM4-8-17,rcp26,r1i1p1,v1,1960-01-01,2099-12-31,False,False,True,True,True,False,False,True,False,True,False,False,False,,,0.73,100_256_230_100_267_25,simulation_runs_with_dwd_ensemble,
9,True,False,False,True,fixed,auto,False,WB_sfix_hauto,sim.json,crop.json,site.json,True,dwd_core_ensemble,dwd_core_ensemble/csvs_dwd_core_ensemble,MIROC-MIROC5,GERICS-REMO2015,rcp85,r1i1p1,v1,1960-01-01,2099-12-31,False,False,True,True,True,False,False,True,False,True,False,False,False,,,0.73,100_256_230_100_267_25,simulation_runs_with_dwd_ensemble,
10,True,False,False,True,fixed,auto,False,WB_sfix_hauto,sim.json,crop.json,site.json,True,dwd_core_ensemble,dwd_core_ensemble/csvs_dwd_core_ensemble,MOHC-HadGEM2-ES,CLMcom-CCLM4-8-17,rcp45,r1i1p1,v1,1960-01-01,2099-11-30,False,False,True,True,True,False,False,True,False,True,False,False,False,,,0.73,100_256_230_100_267_25,simulation_runs_with_dwd_ensemble,
11,True,False,False,True,fixed,auto,False,WB_sfix_hauto,sim.json,crop.json,site.json,True,dwd_core_ensemble,dwd_core_ensemble/csvs_dwd_core_ensemble,MOHC-HadGEM2-ES,CLMcom-CCLM4-8-17,rcp85,r1i1p1,v1,1960-01-01,2099-12-31,False,False,True,True,True,False,False,True,False,True,False,False,False,,,0.73,100_256_230_100_267_25,simulation_runs_with_dwd_ensemble,
12,True,False,False,True,fixed,auto,False,WB_sfix_hauto,sim.json,crop.json,site.json,True,dwd_core_ensemble,dwd_core_ensemble/csvs_dwd_core_ensemble,MOHC-HadGEM2-ES,KNMI-RACMO22E,rcp26,r1i1p1,v2,1960-01-01,2099-12-31,False,False,True,True,True,False,False,True,False,True,False,False,False,,,0.73,100_256_230_100_267_25,simulation_runs_with_dwd_ensemble,
13,True,False,False,True,fixed,auto,False,WB_sfix_hauto,sim.json,crop.json,site.json,True,dwd_core_ensemble,dwd_core_ensemble/csvs_dwd_core_ensemble,MPI-M-MPI-ESM-LR,MPI-CSC-REMO2009,rcp26,r2i1p1,v1,1960-01-01,2099-12-31,False,False,True,True,True,False,False,True,False,True,False,False,False,,,0.73,100_256_230_100_267_25,simulation_runs_with_dwd_ensemble,
14,True,False,False,True,fixed,auto,False,WB_sfix_hauto,sim.json,crop.json,site.json,True,dwd_core_ensemble,dwd_core_ensemble/csvs_dwd_core_ensemble,MPI-M-MPI-ESM-LR,MPI-CSC-REMO2009,rcp45,r1i1p1,v1,1960-01-01,2099-12-31,False,False,True,True,True,False,False,True,False,True,False,False,False,,,0.73,100_256_230_100_267_25,simulation_runs_with_dwd_ensemble,
15,True,False,False,True,fixed,auto,False,WB_sfix_hauto,sim.json,crop.json,site.json,True,dwd_core_ensemble,dwd_core_ensemble/csvs_dwd_core_ensemble,MPI-M-MPI-ESM-LR,MPI-CSC-REMO2009,rcp45,r2i1p1,v1,1960-01-01,2099-12-31,False,False,True,True,True,False,False,True,False,True,False,False,False,,,0.73,100_256_230_100_267_25,simulation_runs_with_dwd_ensemble,
16,True,False,False,True,fixed,auto,False,WB_sfix_hauto,sim.json,crop.json,site.json,True,dwd_core_ensemble,dwd_core_ensemble/csvs_dwd_core_ensemble,MPI-M-MPI-ESM-LR,MPI-CSC-REMO2009,rcp85,r2i1p1,v1,1960-01-01,2099-12-31,False,False,True,True,True,False,False,True,False,True,False,False,False,,,0.73,100_256_230_100_267_25,simulation_runs_with_dwd_ensemble,
17,True,False,False,True,fixed,auto,False,WB_sfix_hauto,sim.json,crop.json,site.json,True,dwd_core_ensemble,dwd_core_ensemble/csvs_dwd_core_ensemble,MPI-M-MPI-ESM-LR,UHOH-WRF361H,rcp85,r1i1p1,v1,1960-01-01,2099-12-31,False,False,True,True,True,False,False,True,False,True,False,False,False,,,0.73,100_256_230_100_267_25,simulation_runs_with_dwd_ensemble,
18,True,True,False,False,fixed,auto,False,WB_sfix_hauto,sim.json,crop.json,site.json,False,dwd/csvs,dwd/csvs/germany_ubn_1901-2018_unzipped,,,,,,1970-01-01,2019-12-31,False,False,True,True,True,False,False,True,False,True,False,False,False,,,0.73,100_256_230_100_267_25,historic_runs_for_validation,
19,True,False,False,True,fixed,auto,False,SB_sfix_hauto,sim.json,crop.json,site.json,True,dwd_core_ensemble,dwd_core_ensemble/csvs_dwd_core_ensemble,CCCma-CanESM2,CLMcom-CCLM4-8-17,rcp85,r1i1p1,v1,1960-01-01,2099-12-31,False,False,True,True,True,False,False,True,False,True,False,False,False,,,0.87,100_140_330_270_160_25,simulation_runs_with_dwd_ensemble,
20,True,False,False,True,fixed,auto,False,SB_sfix_hauto,sim.json,crop.json,site.json,True,dwd_core_ensemble,dwd_core_ensemble/csvs_dwd_core_ensemble,ICHEC-EC-EARTH,CLMcom-CCLM4-8-17,rcp26,r12i1p1,v1,1960-01-01,2099-12-31,False,False,True,True,True,False,False,True,False,True,False,False,False,,,0.87,100_140_330_270_160_25,simulation_runs_with_dwd_ensemble,
21,True,False,False,True,fixed,auto,False,SB_sfix_hauto,sim.json,crop.json,site.json,True,dwd_core_ensemble,dwd_core_ensemble/csvs_dwd_core_ensemble,ICHEC-EC-EARTH,KNMI-RACMO22E,rcp26,r12i1p1,v1,1960-01-01,2099-12-31,False,False,True,True,True,False,False,True,False,True,False,False,False,,,0.87,100_140_330_270_160_25,simulation_runs_with_dwd_ensemble,
22,True,False,False,True,fixed,auto,False,SB_sfix_hauto,sim.json,crop.json,site.json,True,dwd_core_ensemble,dwd_core_ensemble/csvs_dwd_core_ensemble,ICHEC-EC-EARTH,KNMI-RACMO22E,rcp45,r1i1p1,v1,1960-01-01,2099-12-31,False,False,True,True,True,False,False,True,False,True,False,False,False,,,0.87,100_140_330_270_160_25,simulation_runs_with_dwd_ensemble,
23,True,False,False,True,fixed,auto,False,SB_sfix_hauto,sim.json,crop.json,site.json,True,dwd_core_ensemble,dwd_core_ensemble/csvs_dwd_core_ensemble,ICHEC-EC-EARTH,KNMI-RACMO22E,rcp45,r12i1p1,v1,1960-01-01,2099-12-31,False,False,True,True,True,False,False,True,False,True,False,False,False,,,0.87,100_140_330_270_160_25,simulation_runs_with_dwd_ensemble,
24,True,False,False,True,fixed,auto,False,SB_sfix_hauto,sim.json,crop.json,site.json,True,dwd_core_ensemble,dwd_core_ensemble/csvs_dwd_core_ensemble,ICHEC-EC-EARTH,KNMI-RACMO22E,rcp85,r1i1p1,v1,1960-01-01,2099-12-31,False,False,True,True,True,False,False,True,False,True,False,False,False,,,0.87,100_140_330_270_160_25,simulation_runs_with_dwd_ensemble,
25,True,False,False,True,fixed,auto,False,SB_sfix_hauto,sim.json,crop.json,site.json,True,dwd_core_ensemble,dwd_core_ensemble/csvs_dwd_core_ensemble,ICHEC-EC-EARTH,SMHI-RCA4,rcp45,r12i1p1,v1,1960-01-01,2099-12-31,False,False,True,True,True,False,False,True,False,True,False,False,False,,,0.87,100_140_330_270_160_25,simulation_runs_with_dwd_ensemble,
26,True,False,False,True,fixed,auto,False,SB_sfix_hauto,sim.json,crop.json,site.json,True,dwd_core_ensemble,dwd_core_ensemble/csvs_dwd_core_ensemble,MIROC-MIROC5,CLMcom-CCLM4-8-17,rcp26,r1i1p1,v1,1960-01-01,2099-12-31,False,False,True,True,True,False,False,True,False,True,False,False,False,,,0.87,100_140_330_270_160_25,simulation_runs_with_dwd_ensemble,
27,True,False,False,True,fixed,auto,False,SB_sfix_hauto,sim.json,crop.json,site.json,True,dwd_core_ensemble,dwd_core_ensemble/csvs_dwd_core_ensemble,MIROC-MIROC5,GERICS-REMO2015,rcp85,r1i1p1,v1,1960-01-01,2099-12-31,False,False,True,True,True,False,False,True,False,True,False,False,False,,,0.87,100_140_330_270_160_25,simulation_runs_with_dwd_ensemble,
28,True,False,False,True,fixed,auto,False,SB_sfix_hauto,sim.json,crop.json,site.json,True,dwd_core_ensemble,dwd_core_ensemble/csvs_dwd_core_ensemble,MOHC-HadGEM2-ES,CLMcom-CCLM4-8-17,rcp45,r1i1p1,v1,1960-01-01,2099-11-30,False,False,True,True,True,False,False,True,False,True,False,False,False,,,0.87,100_140_330_270_160_25,simulation_runs_with_dwd_ensemble,
29,True,False,False,True,fixed,auto,False,SB_sfix_hauto,sim.json,crop.json,site.json,True,dwd_core_ensemble,dwd_core_ensemble/csvs_dwd_core_ensemble,MOHC-HadGEM2-ES,CLMcom-CCLM4-8-17,rcp85,r1i1p1,v1,1960-01-01,2099-12-31,False,False,True,True,True,False,False,True,False,True,False,False,False,,,0.87,100_140_330_270_160_25,simulation_runs_with_dwd_ensemble,
30,True,False,False,True,fixed,auto,False,SB_sfix_hauto,sim.json,crop.json,site.json,True,dwd_core_ensemble,dwd_core_ensemble/csvs_dwd_core_ensemble,MOHC-HadGEM2-ES,KNMI-RACMO22E,rcp26,r1i1p1,v2,1960-01-01,2099-12-31,False,False,True,True,True,False,False,True,False,True,False,False,False,,,0.87,100_140_330_270_160_25,simulation_runs_with_dwd_ensemble,
31,True,False,False,True,fixed,auto,False,SB_sfix_hauto,sim.json,crop.json,site.json,True,dwd_core_ensemble,dwd_core_ensemble/csvs_dwd_core_ensemble,MPI-M-MPI-ESM-LR,MPI-CSC-REMO2009,rcp26,r2i1p1,v1,1960-01-01,2099-12-31,False,False,True,True,True,False,False,True,False,True,False,False,False,,,0.87,100_140_330_270_160_25,simulation_runs_with_dwd_ensemble,
32,True,False,False,True,fixed,auto,False,SB_sfix_hauto,sim.json,crop.json,site.json,True,dwd_core_ensemble,dwd_core_ensemble/csvs_dwd_core_ensemble,MPI-M-MPI-ESM-LR,MPI-CSC-REMO2009,rcp45,r1i1p1,v1,1960-01-01,2099-12-31,False,False,True,True,True,False,False,True,False,True,False,False,False,,,0.87,100_140_330_270_160_25,simulation_runs_with_dwd_ensemble,
33,True,False,False,True,fixed,auto,False,SB_sfix_hauto,sim.json,crop.json,site.json,True,dwd_core_ensemble,dwd_core_ensemble/csvs_dwd_core_ensemble,MPI-M-MPI-ESM-LR,MPI-CSC-REMO2009,rcp45,r2i1p1,v1,1960-01-01,2099-12-31,False,False,True,True,True,False,False,True,False,True,False,False,False,,,0.87,100_140_330_270_160_25,simulation_runs_with_dwd_ensemble,
34,True,False,False,True,fixed,auto,False,SB_sfix_hauto,sim.json,crop.json,site.json,True,dwd_core_ensemble,dwd_core_ensemble/csvs_dwd_core_ensemble,MPI-M-MPI-ESM-LR,MPI-CSC-REMO2009,rcp85,r2i1p1,v1,1960-01-01,2099-12-31,False,False,True,True,True,False,False,True,False,True,False,False,False,,,0.87,100_140_330_270_160_25,simulation_runs_with_dwd_ensemble,
35,True,False,False,True,fixed,auto,False,SB_sfix_hauto,sim.json,crop.json,site.json,True,dwd_core_ensemble,dwd_core_ensemble/csvs_dwd_core_ensemble,MPI-M-MPI-ESM-LR,UHOH-WRF361H,rcp85,r1i1p1,v1,1960-01-01,2099-12-31,False,False,True,True,True,False,False,True,False,True,False,False,False,,,0.87,100_140_330_270_160_25,simulation_runs_with_dwd_ensemble,
36,True,True,False,False,fixed,auto,False,SB_sfix_hauto,sim.json,crop.json,site.json,False,dwd/csvs,dwd/csvs/germany_ubn_1901-2018_unzipped,,,,,,1970-01-01,2019-12-31,False,False,True,True,True,False,False,True,False,True,False,False,False,,,0.87,100_140_330_270_160_25,historic_runs_for_validation,
37,True,False,False,True,fixed,auto,False,WW_sfix_hauto,sim.json,crop.json,site.json,True,dwd_core_ensemble,dwd_core_ensemble/csvs_dwd_core_ensemble,CCCma-CanESM2,CLMcom-CCLM4-8-17,rcp85,r1i1p1,v1,1960-01-01,2099-12-31,False,False,True,True,True,False,False,True,False,True,False,False,False,,,1.0,165_225_395_180_330_25,simulation_runs_with_dwd_ensemble,
38,True,False,False,True,fixed,auto,False,WW_sfix_hauto,sim.json,crop.json,site.json,True,dwd_core_ensemble,dwd_core_ensemble/csvs_dwd_core_ensemble,ICHEC-EC-EARTH,CLMcom-CCLM4-8-17,rcp26,r12i1p1,v1,1960-01-01,2099-12-31,False,False,True,True,True,False,False,True,False,True,False,False,False,,,1.0,165_225_395_180_330_25,simulation_runs_with_dwd_ensemble,
39,True,False,False,True,fixed,auto,False,WW_sfix_hauto,sim.json,crop.json,site.json,True,dwd_core_ensemble,dwd_core_ensemble/csvs_dwd_core_ensemble,ICHEC-EC-EARTH,KNMI-RACMO22E,rcp26,r12i1p1,v1,1960-01-01,2099-12-31,False,False,True,True,True,False,False,True,False,True,False,False,False,,,1.0,165_225_395_180_330_25,simulation_runs_with_dwd_ensemble,
40,True,False,False,True,fixed,auto,False,WW_sfix_hauto,sim.json,crop.json,site.json,True,dwd_core_ensemble,dwd_core_ensemble/csvs_dwd_core_ensemble,ICHEC-EC-EARTH,KNMI-RACMO22E,rcp45,r1i1p1,v1,1960-01-01,2099-12-31,False,False,True,True,True,False,False,True,False,True,False,False,False,,,1.0,165_225_395_180_330_25,simulation_runs_with_dwd_ensemble,
41,True,False,False,True,fixed,auto,False,WW_sfix_hauto,sim.json,crop.json,site.json,True,dwd_core_ensemble,dwd_core_ensemble/csvs_dwd_core_ensemble,ICHEC-EC-EARTH,KNMI-RACMO22E,rcp45,r12i1p1,v1,1960-01-01,2099-12-31,False,False,True,True,True,False,False,True,False,True,False,False,False,,,1.0,165_225_395_180_330_25,simulation_runs_with_dwd_ensemble,
42,True,False,False,True,fixed,auto,False,WW_sfix_hauto,sim.json,crop.json,site.json,True,dwd_core_ensemble,dwd_core_ensemble/csvs_dwd_core_ensemble,ICHEC-EC-EARTH,KNMI-RACMO22E,rcp85,r1i1p1,v1,1960-01-01,2099-12-31,False,False,True,True,True,False,False,True,False,True,False,False,False,,,1.0,165_225_395_180_330_25,simulation_runs_with_dwd_ensemble,
43,True,False,False,True,fixed,auto,False,WW_sfix_hauto,sim.json,crop.json,site.json,True,dwd_core_ensemble,dwd_core_ensemble/csvs_dwd_core_ensemble,ICHEC-EC-EARTH,SMHI-RCA4,rcp45,r12i1p1,v1,1960-01-01,2099-12-31,False,False,True,True,True,False,False,True,False,True,False,False,False,,,1.0,165_225_395_180_330_25,simulation_runs_with_dwd_ensemble,
44,True,False,False,True,fixed,auto,False,WW_sfix_hauto,sim.json,crop.json,site.json,True,dwd_core_ensemble,dwd_core_ensemble/csvs_dwd_core_ensemble,MIROC-MIROC5,CLMcom-CCLM4-8-17,rcp26,r1i1p1,v1,1960-01-01,2099-12-31,False,False,True,True,True,False,False,True,False,True,False,False,False,,,1.0,165_225_395_180_330_25,simulation_runs_with_dwd_ensemble,
45,True,False,False,True,fixed,auto,False,WW_sfix_hauto,sim.json,crop.json,site.json,True,dwd_core_ensemble,dwd_core_ensemble/csvs_dwd_core_ensemble,MIROC-MIROC5,GERICS-REMO2015,rcp85,r1i1p1,v1,1960-01-01,2099-12-31,False,False,True,True,True,False,False,True,False,True,False,False,False,,,1.0,165_225_395_180_330_25,simulation_runs_with_dwd_ensemble,
46,True,False,False,True,fixed,auto,False,WW_sfix_hauto,sim.json,crop.json,site.json,True,dwd_core_ensemble,dwd_core_ensemble/csvs_dwd_core_ensemble,MOHC-HadGEM2-ES,CLMcom-CCLM4-8-17,rcp45,r1i1p1,v1,1960-01-01,2099-11-30,False,False,True,True,True,False,False,True,False,True,False,False,False,,,1.0,165_225_395_180_330_25,simulation_runs_with_dwd_ensemble,
47,True,False,False,True,fixed,auto,False,WW_sfix_hauto,sim.json,crop.json,site.json,True,dwd_core_ensemble,dwd_core_ensemble/csvs_dwd_core_ensemble,MOHC-HadGEM2-ES,CLMcom-CCLM4-8-17,rcp85,r1i1p1,v1,1960-01-01,2099-12-31,False,False,True,True,True,False,False,True,False,True,False,False,False,,,1.0,165_225_395_180_330_25,simulation_runs_with_dwd_ensemble,
48,True,False,False,True,fixed,auto,False,WW_sfix_hauto,sim.json,crop.json,site.json,True,dwd_core_ensemble,dwd_core_ensemble/csvs_dwd_core_ensemble,MOHC-HadGEM2-ES,KNMI-RACMO22E,rcp26,r1i1p1,v2,1960-01-01,2099-12-31,False,False,True,True,True,False,False,True,False,True,False,False,False,,,1.0,165_225_395_180_330_25,simulation_runs_with_dwd_ensemble,
49,True,False,False,True,fixed,auto,False,WW_sfix_hauto,sim.json,crop.json,site.json,True,dwd_core_ensemble,dwd_core_ensemble/csvs_dwd_core_ensemble,MPI-M-MPI-ESM-LR,MPI-CSC-REMO2009,rcp26,r2i1p1,v1,1960-01-01,2099-12-31,False,False,True,True,True,False,False,True,False,True,False,False,False,,,1.0,165_225_395_180_330_25,simulation_runs_with_dwd_ensemble,
50,True,False,False,True,fixed,auto,False,WW_sfix_hauto,sim.json,crop.json,site.json,True,dwd_core_ensemble,dwd_core_ensemble/csvs_dwd_core_ensemble,MPI-M-MPI-ESM-LR,MPI-CSC-REMO2009,rcp45,r1i1p1,v1,1960-01-01,2099-12-31,False,False,True,True,True,False,False,True,False,True,False,False,False,,,1.0,165_225_395_180_330_25,simulation_runs_with_dwd_ensemble,
51,True,False,False,True,fixed,auto,False,WW_sfix_hauto,sim.json,crop.json,site.json,True,dwd_core_ensemble,dwd_core_ensemble/csvs_dwd_core_ensemble,MPI-M-MPI-ESM-LR,MPI-CSC-REMO2009,rcp45,r2i1p1,v1,1960-01-01,2099-12-31,False,False,True,True,True,False,False,True,False,True,False,False,False,,,1.0,165_225_395_180_330_25,simulation_runs_with_dwd_ensemble,
52,True,False,False,True,fixed,auto,False,WW_sfix_hauto,sim.json,crop.json,site.json,True,dwd_core_ensemble,dwd_core_ensemble/csvs_dwd_core_ensemble,MPI-M-MPI-ESM-LR,MPI-CSC-REMO2009,rcp85,r2i1p1,v1,1960-01-01,2099-12-31,False,False,True,True,True,False,False,True,False,True,False,False,False,,,1.0,165_225_395_180_330_25,simulation_runs_with_dwd_ensemble,
53,True,False,False,True,fixed,auto,False,WW_sfix_hauto,sim.json,crop.json,site.json,True,dwd_core_ensemble,dwd_core_ensemble/csvs_dwd_core_ensemble,MPI-M-MPI-ESM-LR,UHOH-WRF361H,rcp85,r1i1p1,v1,1960-01-01,2099-12-31,False,False,True,True,True,False,False,True,False,True,False,False,False,,,1.0,165_225_395_180_330_25,simulation_runs_with_dwd_ensemble,
54,True,True,False,False,fixed,auto,False,WW_sfix_hauto,sim.json,crop.json,site.json,False,dwd/csvs,dwd/csvs/germany_ubn_1901-2018_unzipped,,,,,,1970-01-01,2019-12-31,False,False,True,True,True,False,False,True,False,True,False,False,False,,,1.0,165_225_395_180_330_25,historic_runs_for_validation,
55,True,False,False,True,fixed,auto,False,WR_sfix_hauto,sim.json,crop.json,site.json,True,dwd_core_ensemble,dwd_core_ensemble/csvs_dwd_core_ensemble,CCCma-CanESM2,CLMcom-CCLM4-8-17,rcp85,r1i1p1,v1,1960-01-01,2099-12-31,False,False,True,True,True,False,False,True,False,True,False,False,False,,,0.88,148_210_230_160_350_25,simulation_runs_with_dwd_ensemble,
56,True,False,False,True,fixed,auto,False,WR_sfix_hauto,sim.json,crop.json,site.json,True,dwd_core_ensemble,dwd_core_ensemble/csvs_dwd_core_ensemble,ICHEC-EC-EARTH,CLMcom-CCLM4-8-17,rcp26,r12i1p1,v1,1960-01-01,2099-12-31,False,False,True,True,True,False,False,True,False,True,False,False,False,,,0.88,148_210_230_160_350_25,simulation_runs_with_dwd_ensemble,
57,True,False,False,True,fixed,auto,False,WR_sfix_hauto,sim.json,crop.json,site.json,True,dwd_core_ensemble,dwd_core_ensemble/csvs_dwd_core_ensemble,ICHEC-EC-EARTH,KNMI-RACMO22E,rcp26,r12i1p1,v1,1960-01-01,2099-12-31,False,False,True,True,True,False,False,True,False,True,False,False,False,,,0.88,148_210_230_160_350_25,simulation_runs_with_dwd_ensemble,
58,True,False,False,True,fixed,auto,False,WR_sfix_hauto,sim.json,crop.json,site.json,True,dwd_core_ensemble,dwd_core_ensemble/csvs_dwd_core_ensemble,ICHEC-EC-EARTH,KNMI-RACMO22E,rcp45,r1i1p1,v1,1960-01-01,2099-12-31,False,False,True,True,True,False,False,True,False,True,False,False,False,,,0.88,148_210_230_160_350_25,simulation_runs_with_dwd_ensemble,
59,True,False,False,True,fixed,auto,False,WR_sfix_hauto,sim.json,crop.json,site.json,True,dwd_core_ensemble,dwd_core_ensemble/csvs_dwd_core_ensemble,ICHEC-EC-EARTH,KNMI-RACMO22E,rcp45,r12i1p1,v1,1960-01-01,2099-12-31,False,False,True,True,True,False,False,True,False,True,False,False,False,,,0.88,148_210_230_160_350_25,simulation_runs_with_dwd_ensemble,
60,True,False,False,True,fixed,auto,False,WR_sfix_hauto,sim.json,crop.json,site.json,True,dwd_core_ensemble,dwd_core_ensemble/csvs_dwd_core_ensemble,ICHEC-EC-EARTH,KNMI-RACMO22E,rcp85,r1i1p1,v1,1960-01-01,2099-12-31,False,False,True,True,True,False,False,True,False,True,False,False,False,,,0.88,148_210_230_160_350_25,simulation_runs_with_dwd_ensemble,
61,True,False,False,True,fixed,auto,False,WR_sfix_hauto,sim.json,crop.json,site.json,True,dwd_core_ensemble,dwd_core_ensemble/csvs_dwd_core_ensemble,ICHEC-EC-EARTH,SMHI-RCA4,rcp45,r12i1p1,v1,1960-01-01,2099-12-31,False,False,True,True,True,False,False,True,False,True,False,False,False,,,0.88,148_210_230_160_350_25,simulation_runs_with_dwd_ensemble,
62,True,False,False,True,fixed,auto,False,WR_sfix_hauto,sim.json,crop.json,site.json,True,dwd_core_ensemble,dwd_core_ensemble/csvs_dwd_core_ensemble,MIROC-MIROC5,CLMcom-CCLM4-8-17,rcp26,r1i1p1,v1,1960-01-01,2099-12-31,False,False,True,True,True,False,False,True,False,True,False,False,False,,,0.88,148_210_230_160_350_25,simulation_runs_with_dwd_ensemble,
63,True,False,False,True,fixed,auto,False,WR_sfix_hauto,sim.json,crop.json,site.json,True,dwd_core_ensemble,dwd_core_ensemble/csvs_dwd_core_ensemble,MIROC-MIROC5,GERICS-REMO2015,rcp85,r1i1p1,v1,1960-01-01,2099-12-31,False,False,True,True,True,False,False,True,False,True,False,False,False,,,0.88,148_210_230_160_350_25,simulation_runs_with_dwd_ensemble,
64,True,False,False,True,fixed,auto,False,WR_sfix_hauto,sim.json,crop.json,site.json,True,dwd_core_ensemble,dwd_core_ensemble/csvs_dwd_core_ensemble,MOHC-HadGEM2-ES,CLMcom-CCLM4-8-17,rcp45,r1i1p1,v1,1960-01-01,2099-11-30,False,False,True,True,True,False,False,True,False,True,False,False,False,,,0.88,148_210_230_160_350_25,simulation_runs_with_dwd_ensemble,
65,True,False,False,True,fixed,auto,False,WR_sfix_hauto,sim.json,crop.json,site.json,True,dwd_core_ensemble,dwd_core_ensemble/csvs_dwd_core_ensemble,MOHC-HadGEM2-ES,CLMcom-CCLM4-8-17,rcp85,r1i1p1,v1,1960-01-01,2099-12-31,False,False,True,True,True,False,False,True,False,True,False,False,False,,,0.88,148_210_230_160_350_25,simulation_runs_with_dwd_ensemble,
66,True,False,False,True,fixed,auto,False,WR_sfix_hauto,sim.json,crop.json,site.json,True,dwd_core_ensemble,dwd_core_ensemble/csvs_dwd_core_ensemble,MOHC-HadGEM2-ES,KNMI-RACMO22E,rcp26,r1i1p1,v2,1960-01-01,2099-12-31,False,False,True,True,True,False,False,True,False,True,False,False,False,,,0.88,148_210_230_160_350_25,simulation_runs_with_dwd_ensemble,
67,True,False,False,True,fixed,auto,False,WR_sfix_hauto,sim.json,crop.json,site.json,True,dwd_core_ensemble,dwd_core_ensemble/csvs_dwd_core_ensemble,MPI-M-MPI-ESM-LR,MPI-CSC-REMO2009,rcp26,r2i1p1,v1,1960-01-01,2099-12-31,False,False,True,True,True,False,False,True,False,True,False,False,False,,,0.88,148_210_230_160_350_25,simulation_runs_with_dwd_ensemble,
68,True,False,False,True,fixed,auto,False,WR_sfix_hauto,sim.json,crop.json,site.json,True,dwd_core_ensemble,dwd_core_ensemble/csvs_dwd_core_ensemble,MPI-M-MPI-ESM-LR,MPI-CSC-REMO2009,rcp45,r1i1p1,v1,1960-01-01,2099-12-31,False,False,True,True,True,False,False,True,False,True,False,False,False,,,0.88,148_210_230_160_350_25,simulation_runs_with_dwd_ensemble,
69,True,False,False,True,fixed,auto,False,WR_sfix_hauto,sim.json,crop.json,site.json,True,dwd_core_ensemble,dwd_core_ensemble/csvs_dwd_core_ensemble,MPI-M-MPI-ESM-LR,MPI-CSC-REMO2009,rcp45,r2i1p1,v1,1960-01-01,2099-12-31,False,False,True,True,True,False,False,True,False,True,False,False,False,,,0.88,148_210_230_160_350_25,simulation_runs_with_dwd_ensemble,
70,True,False,False,True,fixed,auto,False,WR_sfix_hauto,sim.json,crop.json,site.json,True,dwd_core_ensemble,dwd_core_ensemble/csvs_dwd_core_ensemble,MPI-M-MPI-ESM-LR,MPI-CSC-REMO2009,rcp85,r2i1p1,v1,1960-01-01,2099-12-31,False,False,True,True,True,False,False,True,False,True,False,False,False,,,0.88,148_210_230_160_350_25,simulation_runs_with_dwd_ensemble,
71,True,False,False,True,fixed,auto,False,WR_sfix_hauto,sim.json,crop.json,site.json,True,dwd_core_ensemble,dwd_core_ensemble/csvs_dwd_core_ensemble,MPI-M-MPI-ESM-LR,UHOH-WRF361H,rcp85,r1i1p1,v1,1960-01-01,2099-12-31,False,False,True,True,True,False,False,True,False,True,False,False,False,,,0.88,148_210_230_160_350_25,simulation_runs_with_dwd_ensemble,
72,True,True,False,False,fixed,auto,False,WR_sfix_hauto,sim.json,crop.json,site.json,False,dwd/csvs,dwd/csvs/germany_ubn_1901-2018_unzipped,,,,,,1970-01-01,2019-12-31,False,False,True,True,True,False,False,True,False,True,False,False,False,,,0.57,148_210_230_160_350_25,historic_runs_for_validation,
73,True,False,False,True,fixed,auto,False,WRa_sfix_hauto,sim.json,crop.json,site.json,True,dwd_core_ensemble,dwd_core_ensemble/csvs_dwd_core_ensemble,CCCma-CanESM2,CLMcom-CCLM4-8-17,rcp85,r1i1p1,v1,1960-01-01,2099-12-31,False,False,True,True,True,False,False,True,False,True,False,False,False,,,0.81,190_230_60_250_650_25,simulation_runs_with_dwd_ensemble,
74,True,False,False,True,fixed,auto,False,WRa_sfix_hauto,sim.json,crop.json,site.json,True,dwd_core_ensemble,dwd_core_ensemble/csvs_dwd_core_ensemble,ICHEC-EC-EARTH,CLMcom-CCLM4-8-17,rcp26,r12i1p1,v1,1960-01-01,2099-12-31,False,False,True,True,True,False,False,True,False,True,False,False,False,,,0.81,190_230_60_250_650_25,simulation_runs_with_dwd_ensemble,
75,True,False,False,True,fixed,auto,False,WRa_sfix_hauto,sim.json,crop.json,site.json,True,dwd_core_ensemble,dwd_core_ensemble/csvs_dwd_core_ensemble,ICHEC-EC-EARTH,KNMI-RACMO22E,rcp26,r12i1p1,v1,1960-01-01,2099-12-31,False,False,True,True,True,False,False,True,False,True,False,False,False,,,0.81,190_230_60_250_650_25,simulation_runs_with_dwd_ensemble,
76,True,False,False,True,fixed,auto,False,WRa_sfix_hauto,sim.json,crop.json,site.json,True,dwd_core_ensemble,dwd_core_ensemble/csvs_dwd_core_ensemble,ICHEC-EC-EARTH,KNMI-RACMO22E,rcp45,r1i1p1,v1,1960-01-01,2099-12-31,False,False,True,True,True,False,False,True,False,True,False,False,False,,,0.81,190_230_60_250_650_25,simulation_runs_with_dwd_ensemble,
77,True,False,False,True,fixed,auto,False,WRa_sfix_hauto,sim.json,crop.json,site.json,True,dwd_core_ensemble,dwd_core_ensemble/csvs_dwd_core_ensemble,ICHEC-EC-EARTH,KNMI-RACMO22E,rcp45,r12i1p1,v1,1960-01-01,2099-12-31,False,False,True,True,True,False,False,True,False,True,False,False,False,,,0.81,190_230_60_250_650_25,simulation_runs_with_dwd_ensemble,
78,True,False,False,True,fixed,auto,False,WRa_sfix_hauto,sim.json,crop.json,site.json,True,dwd_core_ensemble,dwd_core_ensemble/csvs_dwd_core_ensemble,ICHEC-EC-EARTH,KNMI-RACMO22E,rcp85,r1i1p1,v1,1960-01-01,2099-12-31,False,False,True,True,True,False,False,True,False,True,False,False,False,,,0.81,190_230_60_250_650_25,simulation_runs_with_dwd_ensemble,
79,True,False,False,True,fixed,auto,False,WRa_sfix_hauto,sim.json,crop.json,site.json,True,dwd_core_ensemble,dwd_core_ensemble/csvs_dwd_core_ensemble,ICHEC-EC-EARTH,SMHI-RCA4,rcp45,r12i1p1,v1,1960-01-01,2099-12-31,False,False,True,True,True,False,False,True,False,True,False,False,False,,,0.81,190_230_60_250_650_25,simulation_runs_with_dwd_ensemble,
80,True,False,False,True,fixed,auto,False,WRa_sfix_hauto,sim.json,crop.json,site.json,True,dwd_core_ensemble,dwd_core_ensemble/csvs_dwd_core_ensemble,MIROC-MIROC5,CLMcom-CCLM4-8-17,rcp26,r1i1p1,v1,1960-01-01,2099-12-31,False,False,True,True,True,False,False,True,False,True,False,False,False,,,0.81,190_230_60_250_650_25,simulation_runs_with_dwd_ensemble,
81,True,False,False,True,fixed,auto,False,WRa_sfix_hauto,sim.json,crop.json,site.json,True,dwd_core_ensemble,dwd_core_ensemble/csvs_dwd_core_ensemble,MIROC-MIROC5,GERICS-REMO2015,rcp85,r1i1p1,v1,1960-01-01,2099-12-31,False,False,True,True,True,False,False,True,False,True,False,False,False,,,0.81,190_230_60_250_650_25,simulation_runs_with_dwd_ensemble,
82,True,False,False,True,fixed,auto,False,WRa_sfix_hauto,sim.json,crop.json,site.json,True,dwd_core_ensemble,dwd_core_ensemble/csvs_dwd_core_ensemble,MOHC-HadGEM2-ES,CLMcom-CCLM4-8-17,rcp45,r1i1p1,v1,1960-01-01,2099-11-30,False,False,True,True,True,False,False,True,False,True,False,False,False,,,0.81,190_230_60_250_650_25,simulation_runs_with_dwd_ensemble,
83,True,False,False,True,fixed,auto,False,WRa_sfix_hauto,sim.json,crop.json,site.json,True,dwd_core_ensemble,dwd_core_ensemble/csvs_dwd_core_ensemble,MOHC-HadGEM2-ES,CLMcom-CCLM4-8-17,rcp85,r1i1p1,v1,1960-01-01,2099-12-31,False,False,True,True,True,False,False,True,False,True,False,False,False,,,0.81,190_230_60_250_650_25,simulation_runs_with_dwd_ensemble,
84,True,False,False,True,fixed,auto,False,WRa_sfix_hauto,sim.json,crop.json,site.json,True,dwd_core_ensemble,dwd_core_ensemble/csvs_dwd_core_ensemble,MOHC-HadGEM2-ES,KNMI-RACMO22E,rcp26,r1i1p1,v2,1960-01-01,2099-12-31,False,False,True,True,True,False,False,True,False,True,False,False,False,,,0.81,190_230_60_250_650_25,simulation_runs_with_dwd_ensemble,
85,True,False,False,True,fixed,auto,False,WRa_sfix_hauto,sim.json,crop.json,site.json,True,dwd_core_ensemble,dwd_core_ensemble/csvs_dwd_core_ensemble,MPI-M-MPI-ESM-LR,MPI-CSC-REMO2009,rcp26,r2i1p1,v1,1960-01-01,2099-12-31,False,False,True,True,True,False,False,True,False,True,False,False,False,,,0.81,190_230_60_250_650_25,simulation_runs_with_dwd_ensemble,
86,True,False,False,True,fixed,auto,False,WRa_sfix_hauto,sim.json,crop.json,site.json,True,dwd_core_ensemble,dwd_core_ensemble/csvs_dwd_core_ensemble,MPI-M-MPI-ESM-LR,MPI-CSC-REMO2009,rcp45,r1i1p1,v1,1960-01-01,2099-12-31,False,False,True,True,True,False,False,True,False,True,False,False,False,,,0.81,190_230_60_250_650_25,simulation_runs_with_dwd_ensemble,
87,True,False,False,True,fixed,auto,False,WRa_sfix_hauto,sim.json,crop.json,site.json,True,dwd_core_ensemble,dwd_core_ensemble/csvs_dwd_core_ensemble,MPI-M-MPI-ESM-LR,MPI-CSC-REMO2009,rcp45,r2i1p1,v1,1960-01-01,2099-12-31,False,False,True,True,True,False,False,True,False,True,False,False,False,,,0.81,190_230_60_250_650_25,simulation_runs_with_dwd_ensemble,
88,True,False,False,True,fixed,auto,False,WRa_sfix_hauto,sim.json,crop.json,site.json,True,dwd_core_ensemble,dwd_core_ensemble/csvs_dwd_core_ensemble,MPI-M-MPI-ESM-LR,MPI-CSC-REMO2009,rcp85,r2i1p1,v1,1960-01-01,2099-12-31,False,False,True,True,True,False,False,True,False,True,False,False,False,,,0.81,190_230_60_250_650_25,simulation_runs_with_dwd_ensemble,
89,True,False,False,True,fixed,auto,False,WRa_sfix_hauto,sim.json,crop.json,site.json,True,dwd_core_ensemble,dwd_core_ensemble/csvs_dwd_core_ensemble,MPI-M-MPI-ESM-LR,UHOH-WRF361H,rcp85,r1i1p1,v1,1960-01-01,2099-12-31,False,False,True,True,True,False,False,True,False,True,False,False,False,,,0.81,190_230_60_250_650_25,simulation_runs_with_dwd_ensemble,
90,True,True,False,False,fixed,auto,False,WRa_sfix_hauto,sim.json,crop.json,site.json,False,dwd/csvs,dwd/csvs/germany_ubn_1901-2018_unzipped,,,,,,1970-01-01,2019-12-31,False,False,True,True,True,False,False,True,False,True,False,False,False,,,0.81,190_230_60_250_650_25,historic_runs_for_validation,
91,True,False,False,True,fixed,auto,False,SM_sfix_hauto,sim.json,crop.json,site.json,True,dwd_core_ensemble,dwd_core_ensemble/csvs_dwd_core_ensemble,CCCma-CanESM2,CLMcom-CCLM4-8-17,rcp85,r1i1p1,v1,1960-01-01,2099-12-31,False,False,True,True,True,False,False,True,False,True,False,False,False,,,0.98,100_220_390_120_330_140_25,simulation_runs_with_dwd_ensemble,
92,True,False,False,True,fixed,auto,False,SM_sfix_hauto,sim.json,crop.json,site.json,True,dwd_core_ensemble,dwd_core_ensemble/csvs_dwd_core_ensemble,ICHEC-EC-EARTH,CLMcom-CCLM4-8-17,rcp26,r12i1p1,v1,1960-01-01,2099-12-31,False,False,True,True,True,False,False,True,False,True,False,False,False,,,0.98,100_220_390_120_330_140_25,simulation_runs_with_dwd_ensemble,
93,True,False,False,True,fixed,auto,False,SM_sfix_hauto,sim.json,crop.json,site.json,True,dwd_core_ensemble,dwd_core_ensemble/csvs_dwd_core_ensemble,ICHEC-EC-EARTH,KNMI-RACMO22E,rcp26,r12i1p1,v1,1960-01-01,2099-12-31,False,False,True,True,True,False,False,True,False,True,False,False,False,,,0.98,100_220_390_120_330_140_25,simulation_runs_with_dwd_ensemble,
94,True,False,False,True,fixed,auto,False,SM_sfix_hauto,sim.json,crop.json,site.json,True,dwd_core_ensemble,dwd_core_ensemble/csvs_dwd_core_ensemble,ICHEC-EC-EARTH,KNMI-RACMO22E,rcp45,r1i1p1,v1,1960-01-01,2099-12-31,False,False,True,True,True,False,False,True,False,True,False,False,False,,,0.98,100_220_390_120_330_140_25,simulation_runs_with_dwd_ensemble,
95,True,False,False,True,fixed,auto,False,SM_sfix_hauto,sim.json,crop.json,site.json,True,dwd_core_ensemble,dwd_core_ensemble/csvs_dwd_core_ensemble,ICHEC-EC-EARTH,KNMI-RACMO22E,rcp45,r12i1p1,v1,1960-01-01,2099-12-31,False,False,True,True,True,False,False,True,False,True,False,False,False,,,0.98,100_220_390_120_330_140_25,simulation_runs_with_dwd_ensemble,
96,True,False,False,True,fixed,auto,False,SM_sfix_hauto,sim.json,crop.json,site.json,True,dwd_core_ensemble,dwd_core_ensemble/csvs_dwd_core_ensemble,ICHEC-EC-EARTH,KNMI-RACMO22E,rcp85,r1i1p1,v1,1960-01-01,2099-12-31,False,False,True,True,True,False,False,True,False,True,False,False,False,,,0.98,100_220_390_120_330_140_25,simulation_runs_with_dwd_ensemble,
97,True,False,False,True,fixed,auto,False,SM_sfix_hauto,sim.json,crop.json,site.json,True,dwd_core_ensemble,dwd_core_ensemble/csvs_dwd_core_ensemble,ICHEC-EC-EARTH,SMHI-RCA4,rcp45,r12i1p1,v1,1960-01-01,2099-12-31,False,False,True,True,True,False,False,True,False,True,False,False,False,,,0.98,100_220_390_120_330_140_25,simulation_runs_with_dwd_ensemble,
98,True,False,False,True,fixed,auto,False,SM_sfix_hauto,sim.json,crop.json,site.json,True,dwd_core_ensemble,dwd_core_ensemble/csvs_dwd_core_ensemble,MIROC-MIROC5,CLMcom-CCLM4-8-17,rcp26,r1i1p1,v1,1960-01-01,2099-12-31,False,False,True,True,True,False,False,True,False,True,False,False,False,,,0.98,100_220_390_120_330_140_25,simulation_runs_with_dwd_ensemble,
99,True,False,False,True,fixed,auto,False,SM_sfix_hauto,sim.json,crop.json,site.json,True,dwd_core_ensemble,dwd_core_ensemble/csvs_dwd_core_ensemble,MIROC-MIROC5,GERICS-REMO2015,rcp85,r1i1p1,v1,1960-01-01,2099-12-31,False,False,True,True,True,False,False,True,False,True,False,False,False,,,0.98,100_220_390_120_330_140_25,simulation_runs_with_dwd_ensemble,
100,True,False,False,True,fixed,auto,False,SM_sfix_hauto,sim.json,crop.json,site.json,True,dwd_core_ensemble,dwd_core_ensemble/csvs_dwd_core_ensemble,MOHC-HadGEM2-ES,CLMcom-CCLM4-8-17,rcp45,r1i1p1,v1,1960-01-01,2099-11-30,False,False,True,True,True,False,False,True,False,True,False,False,False,,,0.98,100_220_390_120_330_140_25,simulation_runs_with_dwd_ensemble,
101,True,False,False,True,fixed,auto,False,SM_sfix_hauto,sim.json,crop.json,site.json,True,dwd_core_ensemble,dwd_core_ensemble/csvs_dwd_core_ensemble,MOHC-HadGEM2-ES,CLMcom-CCLM4-8-17,rcp85,r1i1p1,v1,1960-01-01,2099-12-31,False,False,True,True,True,False,False,True,False,True,False,False,False,,,0.98,100_220_390_120_330_140_25,simulation_runs_with_dwd_ensemble,
102,True,False,False,True,fixed,auto,False,SM_sfix_hauto,sim.json,crop.json,site.json,True,dwd_core_ensemble,dwd_core_ensemble/csvs_dwd_core_ensemble,MOHC-HadGEM2-ES,KNMI-RACMO22E,rcp26,r1i1p1,v2,1960-01-01,2099-12-31,False,False,True,True,True,False,False,True,False,True,False,False,False,,,0.98,100_220_390_120_330_140_25,simulation_runs_with_dwd_ensemble,
103,True,False,False,True,fixed,auto,False,SM_sfix_hauto,sim.json,crop.json,site.json,True,dwd_core_ensemble,dwd_core_ensemble/csvs_dwd_core_ensemble,MPI-M-MPI-ESM-LR,MPI-CSC-REMO2009,rcp26,r2i1p1,v1,1960-01-01,2099-12-31,False,False,True,True,True,False,False,True,False,True,False,False,False,,,0.98,100_220_390_120_330_140_25,simulation_runs_with_dwd_ensemble,
104,True,False,False,True,fixed,auto,False,SM_sfix_hauto,sim.json,crop.json,site.json,True,dwd_core_ensemble,dwd_core_ensemble/csvs_dwd_core_ensemble,MPI-M-MPI-ESM-LR,MPI-CSC-REMO2009,rcp45,r1i1p1,v1,1960-01-01,2099-12-31,False,False,True,True,True,False,False,True,False,True,False,False,False,,,0.98,100_220_390_120_330_140_25,simulation_runs_with_dwd_ensemble,
105,True,False,False,True,fixed,auto,False,SM_sfix_hauto,sim.json,crop.json,site.json,True,dwd_core_ensemble,dwd_core_ensemble/csvs_dwd_core_ensemble,MPI-M-MPI-ESM-LR,MPI-CSC-REMO2009,rcp45,r2i1p1,v1,1960-01-01,2099-12-31,False,False,True,True,True,False,False,True,False,True,False,False,False,,,0.98,100_220_390_120_330_140_25,simulation_runs_with_dwd_ensemble,
106,True,False,False,True,fixed,auto,False,SM_sfix_hauto,sim.json,crop.json,site.json,True,dwd_core_ensemble,dwd_core_ensemble/csvs_dwd_core_ensemble,MPI-M-MPI-ESM-LR,MPI-CSC-REMO2009,rcp85,r2i1p1,v1,1960-01-01,2099-12-31,False,False,True,True,True,False,False,True,False,True,False,False,False,,,0.98,100_220_390_120_330_140_25,simulation_runs_with_dwd_ensemble,
107,True,False,False,True,fixed,auto,False,SM_sfix_hauto,sim.json,crop.json,site.json,True,dwd_core_ensemble,dwd_core_ensemble/csvs_dwd_core_ensemble,MPI-M-MPI-ESM-LR,UHOH-WRF361H,rcp85,r1i1p1,v1,1960-01-01,2099-12-31,False,False,True,True,True,False,False,True,False,True,False,False,False,,,0.98,100_220_390_120_330_140_25,simulation_runs_with_dwd_ensemble,
108,True,True,False,False,fixed,auto,False,SM_sfix_hauto,sim.json,crop.json,site.json,False,dwd/csvs,dwd/csvs/germany_ubn_1901-2018_unzipped,,,,,,1970-01-01,2019-12-31,False,False,True,True,True,False,False,True,False,True,False,False,False,,,0.93,100_220_390_120_330_140_25,historic_runs_for_validation,
109,True,False,False,True,fixed,auto,False,SU_sfix_hauto,sim.json,crop.json,site.json,True,dwd_core_ensemble,dwd_core_ensemble/csvs_dwd_core_ensemble,CCCma-CanESM2,CLMcom-CCLM4-8-17,rcp85,r1i1p1,v1,1960-01-01,2099-12-31,False,False,True,True,True,False,False,True,False,True,False,False,False,,,0.92,140_350_490_500_1000_25,simulation_runs_with_dwd_ensemble,
110,True,False,False,True,fixed,auto,False,SU_sfix_hauto,sim.json,crop.json,site.json,True,dwd_core_ensemble,dwd_core_ensemble/csvs_dwd_core_ensemble,ICHEC-EC-EARTH,CLMcom-CCLM4-8-17,rcp26,r12i1p1,v1,1960-01-01,2099-12-31,False,False,True,True,True,False,False,True,False,True,False,False,False,,,0.92,140_350_490_500_1000_25,simulation_runs_with_dwd_ensemble,
111,True,False,False,True,fixed,auto,False,SU_sfix_hauto,sim.json,crop.json,site.json,True,dwd_core_ensemble,dwd_core_ensemble/csvs_dwd_core_ensemble,ICHEC-EC-EARTH,KNMI-RACMO22E,rcp26,r12i1p1,v1,1960-01-01,2099-12-31,False,False,True,True,True,False,False,True,False,True,False,False,False,,,0.92,140_350_490_500_1000_25,simulation_runs_with_dwd_ensemble,
112,True,False,False,True,fixed,auto,False,SU_sfix_hauto,sim.json,crop.json,site.json,True,dwd_core_ensemble,dwd_core_ensemble/csvs_dwd_core_ensemble,ICHEC-EC-EARTH,KNMI-RACMO22E,rcp45,r1i1p1,v1,1960-01-01,2099-12-31,False,False,True,True,True,False,False,True,False,True,False,False,False,,,0.92,140_350_490_500_1000_25,simulation_runs_with_dwd_ensemble,
113,True,False,False,True,fixed,auto,False,SU_sfix_hauto,sim.json,crop.json,site.json,True,dwd_core_ensemble,dwd_core_ensemble/csvs_dwd_core_ensemble,ICHEC-EC-EARTH,KNMI-RACMO22E,rcp45,r12i1p1,v1,1960-01-01,2099-12-31,False,False,True,True,True,False,False,True,False,True,False,False,False,,,0.92,140_350_490_500_1000_25,simulation_runs_with_dwd_ensemble,
114,True,False,False,True,fixed,auto,False,SU_sfix_hauto,sim.json,crop.json,site.json,True,dwd_core_ensemble,dwd_core_ensemble/csvs_dwd_core_ensemble,ICHEC-EC-EARTH,KNMI-RACMO22E,rcp85,r1i1p1,v1,1960-01-01,2099-12-31,False,False,True,True,True,False,False,True,False,True,False,False,False,,,0.92,140_350_490_500_1000_25,simulation_runs_with_dwd_ensemble,
115,True,False,False,True,fixed,auto,False,SU_sfix_hauto,sim.json,crop.json,site.json,True,dwd_core_ensemble,dwd_core_ensemble/csvs_dwd_core_ensemble,ICHEC-EC-EARTH,SMHI-RCA4,rcp45,r12i1p1,v1,1960-01-01,2099-12-31,False,False,True,True,True,False,False,True,False,True,False,False,False,,,0.92,140_350_490_500_1000_25,simulation_runs_with_dwd_ensemble,
116,True,False,False,True,fixed,auto,False,SU_sfix_hauto,sim.json,crop.json,site.json,True,dwd_core_ensemble,dwd_core_ensemble/csvs_dwd_core_ensemble,MIROC-MIROC5,CLMcom-CCLM4-8-17,rcp26,r1i1p1,v1,1960-01-01,2099-12-31,False,False,True,True,True,False,False,True,False,True,False,False,False,,,0.92,140_350_490_500_1000_25,simulation_runs_with_dwd_ensemble,
117,True,False,False,True,fixed,auto,False,SU_sfix_hauto,sim.json,crop.json,site.json,True,dwd_core_ensemble,dwd_core_ensemble/csvs_dwd_core_ensemble,MIROC-MIROC5,GERICS-REMO2015,rcp85,r1i1p1,v1,1960-01-01,2099-12-31,False,False,True,True,True,False,False,True,False,True,False,False,False,,,0.92,140_350_490_500_1000_25,simulation_runs_with_dwd_ensemble,
118,True,False,False,True,fixed,auto,False,SU_sfix_hauto,sim.json,crop.json,site.json,True,dwd_core_ensemble,dwd_core_ensemble/csvs_dwd_core_ensemble,MOHC-HadGEM2-ES,CLMcom-CCLM4-8-17,rcp45,r1i1p1,v1,1960-01-01,2099-11-30,False,False,True,True,True,False,False,True,False,True,False,False,False,,,0.92,140_350_490_500_1000_25,simulation_runs_with_dwd_ensemble,
119,True,False,False,True,fixed,auto,False,SU_sfix_hauto,sim.json,crop.json,site.json,True,dwd_core_ensemble,dwd_core_ensemble/csvs_dwd_core_ensemble,MOHC-HadGEM2-ES,CLMcom-CCLM4-8-17,rcp85,r1i1p1,v1,1960-01-01,2099-12-31,False,False,True,True,True,False,False,True,False,True,False,False,False,,,0.92,140_350_490_500_1000_25,simulation_runs_with_dwd_ensemble,
120,True,False,False,True,fixed,auto,False,SU_sfix_hauto,sim.json,crop.json,site.json,True,dwd_core_ensemble,dwd_core_ensemble/csvs_dwd_core_ensemble,MOHC-HadGEM2-ES,KNMI-RACMO22E,rcp26,r1i1p1,v2,1960-01-01,2099-12-31,False,False,True,True,True,False,False,True,False,True,False,False,False,,,0.92,140_350_490_500_1000_25,simulation_runs_with_dwd_ensemble,
121,True,False,False,True,fixed,auto,False,SU_sfix_hauto,sim.json,crop.json,site.json,True,dwd_core_ensemble,dwd_core_ensemble/csvs_dwd_core_ensemble,MPI-M-MPI-ESM-LR,MPI-CSC-REMO2009,rcp26,r2i1p1,v1,1960-01-01,2099-12-31,False,False,True,True,True,False,False,True,False,True,False,False,False,,,0.92,140_350_490_500_1000_25,simulation_runs_with_dwd_ensemble,
122,True,False,False,True,fixed,auto,False,SU_sfix_hauto,sim.json,crop.json,site.json,True,dwd_core_ensemble,dwd_core_ensemble/csvs_dwd_core_ensemble,MPI-M-MPI-ESM-LR,MPI-CSC-REMO2009,rcp45,r1i1p1,v1,1960-01-01,2099-12-31,False,False,True,True,True,False,False,True,False,True,False,False,False,,,0.92,140_350_490_500_1000_25,simulation_runs_with_dwd_ensemble,
123,True,False,False,True,fixed,auto,False,SU_sfix_hauto,sim.json,crop.json,site.json,True,dwd_core_ensemble,dwd_core_ensemble/csvs_dwd_core_ensemble,MPI-M-MPI-ESM-LR,MPI-CSC-REMO2009,rcp45,r2i1p1,v1,1960-01-01,2099-12-31,False,False,True,True,True,False,False,True,False,True,False,False,False,,,0.92,140_350_490_500_1000_25,simulation_runs_with_dwd_ensemble,
124,True,False,False,True,fixed,auto,False,SU_sfix_hauto,sim.json,crop.json,site.json,True,dwd_core_ensemble,dwd_core_ensemble/csvs_dwd_core_ensemble,MPI-M-MPI-ESM-LR,MPI-CSC-REMO2009,rcp85,r2i1p1,v1,1960-01-01,2099-12-31,False,False,True,True,True,False,False,True,False,True,False,False,False,,,0.92,140_350_490_500_1000_25,simulation_runs_with_dwd_ensemble,
125,True,False,False,True,fixed,auto,False,SU_sfix_hauto,sim.json,crop.json,site.json,True,dwd_core_ensemble,dwd_core_ensemble/csvs_dwd_core_ensemble,MPI-M-MPI-ESM-LR,UHOH-WRF361H,rcp85,r1i1p1,v1,1960-01-01,2099-12-31,False,False,True,True,True,False,False,True,False,True,False,False,False,,,0.92,140_350_490_500_1000_25,simulation_runs_with_dwd_ensemble,
126,True,True,False,False,fixed,auto,False,SU_sfix_hauto,sim.json,crop.json,site.json,False,dwd/csvs,dwd/csvs/germany_ubn_1901-2018_unzipped,,,,,,1970-01-01,2019-12-31,False,False,True,True,True,False,False,True,False,True,False,False,False,,,0.92,140_350_490_500_1000_25,historic_runs_for_validation,
127,True,False,False,True,fixed,auto1,False,PO_sfix_hauto,sim.json,crop.json,site.json,True,dwd_core_ensemble,dwd_core_ensemble/csvs_dwd_core_ensemble,CCCma-CanESM2,CLMcom-CCLM4-8-17,rcp85,r1i1p1,v1,1960-01-01,2099-12-31,False,False,True,True,True,False,False,True,False,True,False,False,False,,,0.71,148_300_300_280_800_25,simulation_runs_with_dwd_ensemble,
128,True,False,False,True,fixed,auto1,False,PO_sfix_hauto,sim.json,crop.json,site.json,True,dwd_core_ensemble,dwd_core_ensemble/csvs_dwd_core_ensemble,ICHEC-EC-EARTH,CLMcom-CCLM4-8-17,rcp26,r12i1p1,v1,1960-01-01,2099-12-31,False,False,True,True,True,False,False,True,False,True,False,False,False,,,0.71,148_300_300_280_800_25,simulation_runs_with_dwd_ensemble,
129,True,False,False,True,fixed,auto1,False,PO_sfix_hauto,sim.json,crop.json,site.json,True,dwd_core_ensemble,dwd_core_ensemble/csvs_dwd_core_ensemble,ICHEC-EC-EARTH,KNMI-RACMO22E,rcp26,r12i1p1,v1,1960-01-01,2099-12-31,False,False,True,True,True,False,False,True,False,True,False,False,False,,,0.71,148_300_300_280_800_25,simulation_runs_with_dwd_ensemble,
130,True,False,False,True,fixed,auto1,False,PO_sfix_hauto,sim.json,crop.json,site.json,True,dwd_core_ensemble,dwd_core_ensemble/csvs_dwd_core_ensemble,ICHEC-EC-EARTH,KNMI-RACMO22E,rcp45,r1i1p1,v1,1960-01-01,2099-12-31,False,False,True,True,True,False,False,True,False,True,False,False,False,,,0.71,148_300_300_280_800_25,simulation_runs_with_dwd_ensemble,
131,True,False,False,True,fixed,auto1,False,PO_sfix_hauto,sim.json,crop.json,site.json,True,dwd_core_ensemble,dwd_core_ensemble/csvs_dwd_core_ensemble,ICHEC-EC-EARTH,KNMI-RACMO22E,rcp45,r12i1p1,v1,1960-01-01,2099-12-31,False,False,True,True,True,False,False,True,False,True,False,False,False,,,0.71,148_300_300_280_800_25,simulation_runs_with_dwd_ensemble,
132,True,False,False,True,fixed,auto1,False,PO_sfix_hauto,sim.json,crop.json,site.json,True,dwd_core_ensemble,dwd_core_ensemble/csvs_dwd_core_ensemble,ICHEC-EC-EARTH,KNMI-RACMO22E,rcp85,r1i1p1,v1,1960-01-01,2099-12-31,False,False,True,True,True,False,False,True,False,True,False,False,False,,,0.71,148_300_300_280_800_25,simulation_runs_with_dwd_ensemble,
133,True,False,False,True,fixed,auto1,False,PO_sfix_hauto,sim.json,crop.json,site.json,True,dwd_core_ensemble,dwd_core_ensemble/csvs_dwd_core_ensemble,ICHEC-EC-EARTH,SMHI-RCA4,rcp45,r12i1p1,v1,1960-01-01,2099-12-31,False,False,True,True,True,False,False,True,False,True,False,False,False,,,0.71,148_300_300_280_800_25,simulation_runs_with_dwd_ensemble,
134,True,False,False,True,fixed,auto1,False,PO_sfix_hauto,sim.json,crop.json,site.json,True,dwd_core_ensemble,dwd_core_ensemble/csvs_dwd_core_ensemble,MIROC-MIROC5,CLMcom-CCLM4-8-17,rcp26,r1i1p1,v1,1960-01-01,2099-12-31,False,False,True,True,True,False,False,True,False,True,False,False,False,,,0.71,148_300_300_280_800_25,simulation_runs_with_dwd_ensemble,
135,True,False,False,True,fixed,auto1,False,PO_sfix_hauto,sim.json,crop.json,site.json,True,dwd_core_ensemble,dwd_core_ensemble/csvs_dwd_core_ensemble,MIROC-MIROC5,GERICS-REMO2015,rcp85,r1i1p1,v1,1960-01-01,2099-12-31,False,False,True,True,True,False,False,True,False,True,False,False,False,,,0.71,148_300_300_280_800_25,simulation_runs_with_dwd_ensemble,
136,True,False,False,True,fixed,auto1,False,PO_sfix_hauto,sim.json,crop.json,site.json,True,dwd_core_ensemble,dwd_core_ensemble/csvs_dwd_core_ensemble,MOHC-HadGEM2-ES,CLMcom-CCLM4-8-17,rcp45,r1i1p1,v1,1960-01-01,2099-11-30,False,False,True,True,True,False,False,True,False,True,False,False,False,,,0.71,148_300_300_280_800_25,simulation_runs_with_dwd_ensemble,
137,True,False,False,True,fixed,auto1,False,PO_sfix_hauto,sim.json,crop.json,site.json,True,dwd_core_ensemble,dwd_core_ensemble/csvs_dwd_core_ensemble,MOHC-HadGEM2-ES,CLMcom-CCLM4-8-17,rcp85,r1i1p1,v1,1960-01-01,2099-12-31,False,False,True,True,True,False,False,True,False,True,False,False,False,,,0.71,148_300_300_280_800_25,simulation_runs_with_dwd_ensemble,
138,True,False,False,True,fixed,auto1,False,PO_sfix_hauto,sim.json,crop.json,site.json,True,dwd_core_ensemble,dwd_core_ensemble/csvs_dwd_core_ensemble,MOHC-HadGEM2-ES,KNMI-RACMO22E,rcp26,r1i1p1,v2,1960-01-01,2099-12-31,False,False,True,True,True,False,False,True,False,True,False,False,False,,,0.71,148_300_300_280_800_25,simulation_runs_with_dwd_ensemble,
139,True,False,False,True,fixed,auto1,False,PO_sfix_hauto,sim.json,crop.json,site.json,True,dwd_core_ensemble,dwd_core_ensemble/csvs_dwd_core_ensemble,MPI-M-MPI-ESM-LR,MPI-CSC-REMO2009,rcp26,r2i1p1,v1,1960-01-01,2099-12-31,False,False,True,True,True,False,False,True,False,True,False,False,False,,,0.71,148_300_300_280_800_25,simulation_runs_with_dwd_ensemble,
140,True,False,False,True,fixed,auto1,False,PO_sfix_hauto,sim.json,crop.json,site.json,True,dwd_core_ensemble,dwd_core_ensemble/csvs_dwd_core_ensemble,MPI-M-MPI-ESM-LR,MPI-CSC-REMO2009,rcp45,r1i1p1,v1,1960-01-01,2099-12-31,False,False,True,True,True,False,False,True,False,True,False,False,False,,,0.71,148_300_300_280_800_25,simulation_runs_with_dwd_ensemble,
141,True,False,False,True,fixed,auto1,False,PO_sfix_hauto,sim.json,crop.json,site.json,True,dwd_core_ensemble,dwd_core_ensemble/csvs_dwd_core_ensemble,MPI-M-MPI-ESM-LR,MPI-CSC-REMO2009,rcp45,r2i1p1,v1,1960-01-01,2099-12-31,False,False,True,True,True,False,False,True,False,True,False,False,False,,,0.71,148_300_300_280_800_25,simulation_runs_with_dwd_ensemble,
142,True,False,False,True,fixed,auto1,False,PO_sfix_hauto,sim.json,crop.json,site.json,True,dwd_core_ensemble,dwd_core_ensemble/csvs_dwd_core_ensemble,MPI-M-MPI-ESM-LR,MPI-CSC-REMO2009,rcp85,r2i1p1,v1,1960-01-01,2099-12-31,False,False,True,True,True,False,False,True,False,True,False,False,False,,,0.71,148_300_300_280_800_25,simulation_runs_with_dwd_ensemble,
143,True,False,False,True,fixed,auto1,False,PO_sfix_hauto,sim.json,crop.json,site.json,True,dwd_core_ensemble,dwd_core_ensemble/csvs_dwd_core_ensemble,MPI-M-MPI-ESM-LR,UHOH-WRF361H,rcp85,r1i1p1,v1,1960-01-01,2099-12-31,False,False,True,True,True,False,False,True,False,True,False,False,False,,,0.71,148_300_300_280_800_25,simulation_runs_with_dwd_ensemble,
144,True,True,False,False,fixed,auto1,False,PO_sfix_hauto,sim.json,crop.json,site.json,False,dwd/csvs,dwd/csvs/germany_ubn_1901-2018_unzipped,,,,,,1970-01-01,2019-12-31,False,False,True,True,True,False,False,True,False,True,False,False,False,,,0.71,148_300_300_280_800_25,historic_runs_for_validation,
145,True,True,False,False,fixed,auto,False,PO_sfix_hauto,sim.json,crop.json,site.json,False,dwd/csvs,dwd/csvs/germany_ubn_1901-2018_unzipped,,,,,,1970-01-01,2019-12-31,False,False,True,True,True,False,False,True,False,True,False,False,False,,,0.75,148_300_300_280_800_25,historic_runs_for_validation,
146,True,True,False,False,fixed,auto,False,PO_sfix_hauto,sim.json,crop.json,site.json,False,dwd/csvs,dwd/csvs/germany_ubn_1901-2018_unzipped,,,,,,1970-01-01,2019-12-31,False,False,True,True,True,False,False,True,False,True,False,False,False,,,0.85,148_300_300_280_800_25,historic_runs_for_validation,
147,True,True,False,False,fixed,auto,False,SM_sfix_hauto,sim.json,crop.json,site.json,False,dwd/csvs,dwd/csvs/germany_ubn_1901-2018_unzipped,,,,,,1970-01-01,2019-12-31,False,False,True,True,True,False,False,True,False,True,False,False,False,,,0.94,100_220_390_120_330_140_25,historic_runs_for_validation,
148,True,True,False,False,fixed,auto,False,SM_sfix_hauto,sim.json,crop.json,site.json,False,dwd/csvs,dwd/csvs/germany_ubn_1901-2018_unzipped,,,,,,1970-01-01,2019-12-31,False,False,True,True,True,False,False,True,False,True,False,False,False,,,0.95,100_220_390_120_330_140_25,historic_runs_for_validation,
149,True,True,False,False,fixed,auto,False,SM_sfix_hauto,sim.json,crop.json,site.json,False,dwd/csvs,dwd/csvs/germany_ubn_1901-2018_unzipped,,,,,,1970-01-01,2019-12-31,False,False,True,True,True,False,False,True,False,True,False,False,False,,,0.96,100_220_390_120_330_140_25,historic_runs_for_validation,
150,True,True,False,False,fixed,auto,False,SU_sfix_hauto,sim.json,crop.json,site.json,False,dwd/csvs,dwd/csvs/germany_ubn_1901-2018_unzipped,,,,,,1970-01-01,2019-12-31,False,False,True,True,True,False,False,True,False,True,False,False,False,,,0.9,140_350_490_500_1000_25,historic_runs_for_validation,
151,True,True,False,False,fixed,auto,False,SU_sfix_hauto,sim.json,crop.json,site.json,False,dwd/csvs,dwd/csvs/germany_ubn_1901-2018_unzipped,,,,,,1970-01-01,2019-12-31,False,False,True,True,True,False,False,True,False,True,False,False,False,,,0.95,140_350_490_500_1000_25,historic_runs_for_validation,
152,True,True,False,False,fixed,auto,False,WB_sfix_hauto,sim.json,crop.json,site.json,False,dwd/csvs,dwd/csvs/germany_ubn_1901-2018_unzipped,,,,,,1970-01-01,2019-12-31,False,False,True,True,True,False,False,True,False,True,False,False,False,,,0.73,100_256_230_100_267_25,historic_runs_for_validation,
153,True,True,False,False,fixed,auto,False,WB_sfix_hauto,sim.json,crop.json,site.json,False,dwd/csvs,dwd/csvs/germany_ubn_1901-2018_unzipped,,,,,,1970-01-01,2019-12-31,False,False,True,True,True,False,False,True,False,True,False,False,False,,,0.75,100_256_230_100_267_25,historic_runs_for_validation,
154,True,True,False,False,fixed,auto,False,WB_sfix_hauto,sim.json,crop.json,site.json,False,dwd/csvs,dwd/csvs/germany_ubn_1901-2018_unzipped,,,,,,1970-01-01,2019-12-31,False,False,True,True,True,False,False,True,False,True,False,False,False,,,0.77,100_256_230_100_267_25,historic_runs_for_validation,
155,True,True,False,False,fixed,auto,False,WB_sfix_hauto,sim.json,crop.json,site.json,False,dwd/csvs,dwd/csvs/germany_ubn_1901-2018_unzipped,,,,,,1970-01-01,2019-12-31,False,False,True,True,True,False,False,True,False,True,False,False,False,,,0.79,100_256_230_100_267_25,historic_runs_for_validation,
156,True,True,False,False,fixed,auto,False,WR_sfix_hauto,sim.json,crop.json,site.json,False,dwd/csvs,dwd/csvs/germany_ubn_1901-2018_unzipped,,,,,,1970-01-01,2019-12-31,False,False,True,True,True,False,False,True,False,True,False,False,False,,,0.63,148_210_230_160_350_25,historic_runs_for_validation,
157,True,True,False,False,fixed,auto,False,WR_sfix_hauto,sim.json,crop.json,site.json,False,dwd/csvs,dwd/csvs/germany_ubn_1901-2018_unzipped,,,,,,1970-01-01,2019-12-31,False,False,True,True,True,False,False,True,False,True,False,False,False,,,0.68,148_210_230_160_350_25,historic_runs_for_validation,
158,True,True,False,False,fixed,auto,False,WR_sfix_hauto,sim.json,crop.json,site.json,False,dwd/csvs,dwd/csvs/germany_ubn_1901-2018_unzipped,,,,,,1970-01-01,2019-12-31,False,False,True,True,True,False,False,True,False,True,False,False,False,,,0.73,148_210_230_160_350_25,historic_runs_for_validation,
159,True,True,False,False,fixed,auto,False,WR_sfix_hauto,sim.json,crop.json,site.json,False,dwd/csvs,dwd/csvs/germany_ubn_1901-2018_unzipped,,,,,,1970-01-01,2019-12-31,False,False,True,True,True,False,False,True,False,True,False,False,False,,,0.78,148_210_230_160_350_25,historic_runs_for_validation,
160,True,True,False,False,fixed,auto,False,WW_sfix_hauto,sim.json,crop.json,site.json,False,dwd/csvs,dwd/csvs/germany_ubn_1901-2018_unzipped,,,,,,1970-01-01,2019-12-31,False,False,True,True,True,False,False,True,False,True,False,False,False,,,0.96,165_225_395_180_330_25,historic_runs_for_validation,
161,True,True,False,False,fixed,auto,False,WW_sfix_hauto,sim.json,crop.json,site.json,False,dwd/csvs,dwd/csvs/germany_ubn_1901-2018_unzipped,,,,,,1970-01-01,2019-12-31,False,False,True,True,True,False,False,True,False,True,False,False,False,,,0.97,165_225_395_180_330_25,historic_runs_for_validation,
162,True,True,False,False,fixed,auto,False,WW_sfix_hauto,sim.json,crop.json,site.json,False,dwd/csvs,dwd/csvs/germany_ubn_1901-2018_unzipped,,,,,,1970-01-01,2019-12-31,False,False,True,True,True,False,False,True,False,True,False,False,False,,,0.98,165_225_395_180_330_25,historic_runs_for_validation,
163,True,True,False,False,fixed,auto,False,WW_sfix_hauto,sim.json,crop.json,site.json,False,dwd/csvs,dwd/csvs/germany_ubn_1901-2018_unzipped,,,,,,1970-01-01,2019-12-31,False,False,True,True,True,False,False,True,False,True,False,False,False,,,0.99,165_225_395_180_330_25,historic_runs_for_validation,
164,True,True,False,False,fixed,auto,False,WR_sfix_hauto,sim.json,crop.json,site.json,False,dwd/csvs,dwd/csvs/germany_ubn_1901-2018_unzipped,,,,,,1970-01-01,2019-12-31,False,False,True,True,True,False,False,True,False,True,False,False,False,,,0.83,148_210_230_160_350_25,historic_runs_for_validation,
165,True,True,False,False,fixed,auto,False,WR_sfix_hauto,sim.json,crop.json,site.json,False,dwd/csvs,dwd/csvs/germany_ubn_1901-2018_unzipped,,,,,,1970-01-01,2019-12-31,False,False,True,True,True,False,False,True,False,True,False,False,False,,,0.88,148_210_230_160_350_25,historic_runs_for_validation,
166,True,True,False,False,fixed,auto,False,SM_sfix_hauto,sim.json,crop.json,site.json,False,dwd/csvs,dwd/csvs/germany_ubn_1901-2018_unzipped,,,,,,1970-01-01,2019-12-31,False,False,True,True,True,False,False,True,False,True,False,False,False,,,0.97,100_220_390_120_330_140_25,historic_runs_for_validation,
167,True,True,False,False,fixed,auto,False,SM_sfix_hauto,sim.json,crop.json,site.json,False,dwd/csvs,dwd/csvs/germany_ubn_1901-2018_unzipped,,,,,,1970-01-01,2019-12-31,False,False,True,True,True,False,False,True,False,True,False,False,False,,,0.98,100_220_390_120_330_140_25,historic_runs_for_validation,
168,True,True,False,False,fixed,auto,False,PO_sfix_hauto,sim.json,crop.json,site.json,False,dwd/csvs,dwd/csvs/germany_ubn_1901-2018_unzipped,,,,,,1970-01-01,2019-12-31,False,False,True,True,True,False,False,True,False,True,False,False,False,,,0.95,148_300_300_280_800_25,historic_runs_for_validation,
169,True,True,False,False,fixed,auto,False,PO_sfix_hauto,sim.json,crop.json,site.json,False,dwd/csvs,dwd/csvs/germany_ubn_1901-2018_unzipped,,,,,,1970-01-01,2019-12-31,False,False,True,True,True,False,False,True,False,True,False,False,False,,,1.0,148_300_300_280_800_25,historic_runs_for_validation,
170,True,True,False,False,fixed,auto,False,PO_sfix_hauto,sim.json,crop.json,site.json,False,dwd/csvs,dwd/csvs/germany_ubn_1901-2018_unzipped,,,,,,1970-01-01,2019-12-31,False,False,True,True,True,False,False,True,False,True,False,False,False,,,1.05,148_300_300_280_800_25,historic_runs_for_validation,
171,True,True,False,False,fixed,auto1,False,PO_sfix_hauto,sim.json,crop.json,site.json,False,dwd/csvs,dwd/csvs/germany_ubn_1901-2018_unzipped,,,,,,1970-01-01,2019-12-31,False,False,True,True,True,False,False,True,False,True,False,False,False,,,0.65,148_300_300_280_800_25,historic_runs_for_validation,
172,True,True,False,False,fixed,auto1,False,PO_sfix_hauto,sim.json,crop.json,site.json,False,dwd/csvs,dwd/csvs/germany_ubn_1901-2018_unzipped,,,,,,1970-01-01,2019-12-31,False,False,True,True,True,False,False,True,False,True,False,False,False,,,0.68,148_300_300_280_800_25,historic_runs_for_validation,
173,True,True,False,False,fixed,auto1,False,PO_sfix_hauto,sim.json,crop.json,site.json,False,dwd/csvs,dwd/csvs/germany_ubn_1901-2018_unzipped,,,,,,1970-01-01,2019-12-31,False,False,True,True,True,False,False,True,False,True,False,False,False,,,0.71,148_300_300_280_800_25,historic_runs_for_validation,
174,True,True,False,False,fixed,auto1,False,PO_sfix_hauto,sim.json,crop.json,site.json,False,dwd/csvs,dwd/csvs/germany_ubn_1901-2018_unzipped,,,,,,1970-01-01,2019-12-31,False,False,True,True,True,False,False,True,False,True,False,False,False,,,0.74,148_300_300_280_800_25,historic_runs_for_validation,
175,True,True,False,False,fixed,auto,False,WB_sfix_hauto,sim.json,crop.json,site.json,False,dwd/csvs,dwd/csvs/germany_ubn_1901-2018_unzipped,,,,,,1985-01-01,2019-12-31,False,False,True,True,True,False,False,True,False,True,False,False,False,,,0.73,100_256_230_100_267_25,frost_red_runs_for_klimertrag_partners,
176,True,True,False,False,fixed,auto,False,SB_sfix_hauto,sim.json,crop.json,site.json,False,dwd/csvs,dwd/csvs/germany_ubn_1901-2018_unzipped,,,,,,1985-01-01,2019-12-31,False,False,True,True,True,False,False,True,False,True,False,False,False,,,0.87,100_140_330_270_160_25,frost_red_runs_for_klimertrag_partners,
177,True,True,False,False,fixed,auto,False,WW_sfix_hauto,sim.json,crop.json,site.json,False,dwd/csvs,dwd/csvs/germany_ubn_1901-2018_unzipped,,,,,,1985-01-01,2019-12-31,False,False,True,True,True,False,False,True,False,True,False,False,False,,,1.0,165_225_395_180_330_25,frost_red_runs_for_klimertrag_partners,
178,True,True,False,False,fixed,auto,False,WR_sfix_hauto,sim.json,crop.json,site.json,False,dwd/csvs,dwd/csvs/germany_ubn_1901-2018_unzipped,,,,,,1985-01-01,2019-12-31,False,False,True,True,True,False,False,True,False,True,False,False,False,,,0.57,148_210_230_160_350_25,frost_red_runs_for_klimertrag_partners,
179,True,True,False,False,fixed,auto,False,WRa_sfix_hauto,sim.json,crop.json,site.json,False,dwd/csvs,dwd/csvs/germany_ubn_1901-2018_unzipped,,,,,,1985-01-01,2019-12-31,False,False,True,True,True,False,False,True,False,True,False,False,False,,,0.81,190_230_60_250_650_25,frost_red_runs_for_klimertrag_partners,
180,True,True,False,False,fixed,auto,False,SM_sfix_hauto,sim.json,crop.json,site.json,False,dwd/csvs,dwd/csvs/germany_ubn_1901-2018_unzipped,,,,,,1985-01-01,2019-12-31,False,False,True,True,True,False,False,True,False,True,False,False,False,,,0.93,100_220_390_120_330_140_25,frost_red_runs_for_klimertrag_partners,
181,True,True,False,False,fixed,auto,False,SU_sfix_hauto,sim.json,crop.json,site.json,False,dwd/csvs,dwd/csvs/germany_ubn_1901-2018_unzipped,,,,,,1985-01-01,2019-12-31,False,False,True,True,True,False,False,True,False,True,False,False,False,,,0.92,140_350_490_500_1000_25,frost_red_runs_for_klimertrag_partners,
182,True,True,False,False,fixed,auto1,False,PO_sfix_hauto,sim.json,crop.json,site.json,False,dwd/csvs,dwd/csvs/germany_ubn_1901-2018_unzipped,,,,,,1985-01-01,2019-12-31,False,False,True,True,True,False,False,True,False,True,False,False,False,,,0.71,148_300_300_280_800_25,frost_red_runs_for_klimertrag_partners,
183,True,False,False,True,fixed,auto,False,WB_sfix_hauto,sim.json,crop.json,site.json,True,dwd_core_ensemble,dwd_core_ensemble/csvs_dwd_core_ensemble,ICHEC-EC-EARTH,SMHI-RCA4,rcp45,r12i1p1,v1,2010-01-01,2012-12-31,False,False,True,True,True,False,False,True,False,True,False,False,False,,,0.73,100_256_230_100_267_25,simulation_runs_with_dwd_ensemble,
184,True,False,False,True,fixed,auto,False,WB_sfix_hauto,sim.json,crop.json,site.json,True,dwd_core_ensemble,dwd_core_ensemble/csvs_dwd_core_ensemble,ICHEC-EC-EARTH,SMHI-RCA4,rcp45,r12i1p1,v1,2005-01-01,2006-12-31,False,False,True,True,True,False,False,True,False,True,False,False,False,,,0.73,100_256_230_100_267_25,simulation_runs_with_dwd_ensemble,
