run-id,use_vernalisation_fix,sowing-date,harvest-date,crop-id,sim.json,crop.json,site.json,incl_hist,climate_path_to_latlon_file,climate_path_to_csvs,gcm,rcm,scenario,ensmem,version,start_date,end_date,groundwater-level,impenetrable-layer,elevation,slope,latitude,landcover,fertilization,NitrogenResponseOn,irrigation,WaterDeficitResponseOn,EmergenceMoistureControlOn,EmergenceFloodingControlOn,LeafExtensionModifier,CO2,O3,FieldConditionModifier,StageTemperatureSum,comment,region_name,species_param_name,cultivar_param_name,param_value,param_index_in_array,coeff
1,True,fixed,auto,WW_sfix_hauto,sim.json,crop.json,site.json,False,dwd/csvs,dwd/csvs/germany_ubn_1901-2018_unzipped,,,,,,1999-01-01,2019-12-31,False,False,True,True,True,False,False,True,True,True,False,False,False,,,1,100_256_230_100_267_25,historic_runs,,,,,,
2,True,fixed,auto,WW_sfix_hauto,sim.json,crop.json,site.json,False,dwd/csvs,dwd/csvs/germany_ubn_1901-2018_unzipped,,,,,,1999-01-01,2019-12-31,False,False,True,True,True,False,False,True,False,True,False,False,False,,,0.73,100_256_230_100_267_25,historic_runs,Dahme-Spreewald,,,,,
3,True,fixed,auto,WW_sfix_hauto,sim.json,crop.json,site.json,False,dwd/csvs,dwd/csvs/germany_ubn_1901-2018_unzipped,,,,,,1999-01-01,2019-12-31,False,False,True,True,True,False,False,True,False,True,False,False,False,,,0.73,100_256_230_100_267_25,historic_runs,Göttingen,,,,,
4,True,fixed,auto,WW_sfix_hauto,sim.json,crop.json,site.json,False,dwd/csvs,dwd/csvs/germany_ubn_1901-2018_unzipped,,,,,,1999-01-01,2019-12-31,False,False,True,True,True,False,False,True,False,True,False,False,False,,,0.73,100_256_230_100_267_25,historic_runs,Göttingen,,,,,
5,True,fixed,auto,WW_sfix_hauto,sim.json,crop.json,site.json,False,dwd/csvs,dwd/csvs/germany_ubn_1901-2018_unzipped,,,,,,1999-01-01,2019-12-31,False,False,True,True,True,False,False,True,False,True,False,False,False,,,0.73,100_256_230_100_267_25,historic_runs,Göttingen,,,,,
6,True,fixed,auto,WW_sfix_hauto,sim.json,crop.json,site.json,False,dwd/csvs,dwd/csvs/germany_ubn_1901-2018_unzipped,,,,,,1999-01-01,2019-12-31,False,False,True,True,True,False,False,True,False,True,False,False,False,,,0.73,100_256_230_100_267_25,historic_runs,Göttingen,,,,,
7,True,fixed,auto,WW_sfix_hauto,sim.json,crop.json,site.json,False,dwd/csvs,dwd/csvs/germany_ubn_1901-2018_unzipped,,,,,,1999-01-01,2019-12-31,False,False,True,True,True,False,False,True,False,True,False,False,False,,,0.73,100_256_230_100_267_25,historic_runs,Göttingen,,,,,
8,True,fixed,auto,WW_sfix_hauto,sim.json,crop.json,site.json,False,dwd/csvs,dwd/csvs/germany_ubn_1901-2018_unzipped,,,,,,1999-01-01,2019-12-31,False,False,True,True,True,False,False,True,False,True,False,False,False,,,0.73,100_256_230_100_267_25,historic_runs,Göttingen,,,,,
9,True,fixed,auto,WW_sfix_hauto,sim.json,crop.json,site.json,False,dwd/csvs,dwd/csvs/germany_ubn_1901-2018_unzipped,,,,,,1999-01-01,2019-12-31,False,False,True,True,True,False,False,True,False,True,False,False,False,,,0.73,100_256_230_100_267_25,historic_runs,Göttingen,,,,,
10,True,fixed,auto,WW_sfix_hauto,sim.json,crop.json,site.json,False,dwd/csvs,dwd/csvs/germany_ubn_1901-2018_unzipped,,,,,,1999-01-01,2019-12-31,False,False,True,True,True,False,False,True,False,True,False,False,False,,,0.73,100_256_230_100_267_25,historic_runs,Göttingen,,,,,
11,True,fixed,auto,WW_sfix_hauto,sim.json,crop.json,site.json,False,dwd/csvs,dwd/csvs/germany_ubn_1901-2018_unzipped,,,,,,1999-01-01,2019-12-31,False,False,True,True,True,False,False,True,False,True,False,False,False,,,0.73,100_256_230_100_267_25,historic_runs,Göttingen,,,,,
12,True,fixed,auto,WW_sfix_hauto,sim.json,crop.json,site.json,False,dwd/csvs,dwd/csvs/germany_ubn_1901-2018_unzipped,,,,,,1999-01-01,2019-12-31,False,False,True,True,True,False,False,True,False,True,False,False,False,,,0.73,100_256_230_100_267_25,historic_runs,Göttingen,,,,,
13,True,fixed,auto,WW_sfix_hauto,sim.json,crop.json,site.json,False,dwd/csvs,dwd/csvs/germany_ubn_1901-2018_unzipped,,,,,,1999-01-01,2019-12-31,False,False,True,True,True,False,False,True,False,True,False,False,False,,,0.73,100_256_230_100_267_25,historic_runs,Göttingen,,,,,
14,True,fixed,auto,WW_sfix_hauto,sim.json,crop.json,site.json,False,dwd/csvs,dwd/csvs/germany_ubn_1901-2018_unzipped,,,,,,1999-01-01,2019-12-31,False,False,True,True,True,False,False,True,False,True,False,False,False,,,0.73,100_256_230_100_267_25,historic_runs,Göttingen,,,,,
15,True,fixed,auto,WW_sfix_hauto,sim.json,crop.json,site.json,False,dwd/csvs,dwd/csvs/germany_ubn_1901-2018_unzipped,,,,,,1999-01-01,2019-12-31,False,False,True,True,True,False,False,True,False,True,False,False,False,,,0.73,100_256_230_100_267_25,historic_runs,Dahme-Spreewald,,CropSpecificMaxRootingDepth,1.74,,
16,True,fixed,auto,WW_sfix_hauto,sim.json,crop.json,site.json,False,dwd/csvs,dwd/csvs/germany_ubn_1901-2018_unzipped,,,,,,1999-01-01,2019-12-31,False,False,True,True,True,False,False,True,False,True,False,False,False,,,0.73,100_256_230_100_267_25,historic_runs,Dahme-Spreewald,,CropSpecificMaxRootingDepth,1.79,,
17,True,fixed,auto,WW_sfix_hauto,sim.json,crop.json,site.json,False,dwd/csvs,dwd/csvs/germany_ubn_1901-2018_unzipped,,,,,,1999-01-01,2019-12-31,False,False,True,True,True,False,False,True,False,True,False,False,False,,,0.73,100_256_230_100_267_25,historic_runs,Dahme-Spreewald,,CropSpecificMaxRootingDepth,1.54,,
18,True,fixed,auto,WW_sfix_hauto,sim.json,crop.json,site.json,False,dwd/csvs,dwd/csvs/germany_ubn_1901-2018_unzipped,,,,,,1999-01-01,2019-12-31,False,False,True,True,True,False,False,True,False,True,False,False,False,,,0.73,100_256_230_100_267_25,historic_runs,Dahme-Spreewald,,CropSpecificMaxRootingDepth,1.33,,
19,True,fixed,auto,WW_sfix_hauto,sim.json,crop.json,site.json,False,dwd/csvs,dwd/csvs/germany_ubn_1901-2018_unzipped,,,,,,1999-01-01,2019-12-31,False,False,True,True,True,False,False,True,False,True,False,False,False,,,0.73,100_256_230_100_267_25,historic_runs,Dahme-Spreewald,,CropSpecificMaxRootingDepth,1.47,,
20,True,fixed,auto,WW_sfix_hauto,sim.json,crop.json,site.json,False,dwd/csvs,dwd/csvs/germany_ubn_1901-2018_unzipped,,,,,,1999-01-01,2019-12-31,False,False,True,True,True,False,False,True,False,True,False,False,False,,,0.73,100_256_230_100_267_25,historic_runs,Dahme-Spreewald,,CropSpecificMaxRootingDepth,1.37,,
21,True,fixed,auto,WW_sfix_hauto,sim.json,crop.json,site.json,False,dwd/csvs,dwd/csvs/germany_ubn_1901-2018_unzipped,,,,,,1999-01-01,2019-12-31,False,False,True,True,True,False,False,True,False,True,False,False,False,,,0.73,100_256_230_100_267_25,historic_runs,Göttingen,,MaxCropHeight,0.83,,
22,True,fixed,auto,WW_sfix_hauto,sim.json,crop.json,site.json,False,dwd/csvs,dwd/csvs/germany_ubn_1901-2018_unzipped,,,,,,1999-01-01,2019-12-31,False,False,True,True,True,False,False,True,False,True,False,False,False,,,0.73,100_256_230_100_267_25,historic_runs,Göttingen,,MaxCropHeight,1.15,,
23,True,fixed,auto,WW_sfix_hauto,sim.json,crop.json,site.json,False,dwd/csvs,dwd/csvs/germany_ubn_1901-2018_unzipped,,,,,,1999-01-01,2019-12-31,False,False,True,True,True,False,False,True,False,True,False,False,False,,,0.73,100_256_230_100_267_25,historic_runs,Göttingen,,MaxCropHeight,1.21,,
24,True,fixed,auto,WW_sfix_hauto,sim.json,crop.json,site.json,False,dwd/csvs,dwd/csvs/germany_ubn_1901-2018_unzipped,,,,,,1999-01-01,2019-12-31,False,False,True,True,True,False,False,True,False,True,False,False,False,,,0.73,100_256_230_100_267_25,historic_runs,Göttingen,,MaxCropHeight,1.05,,
25,True,fixed,auto,WW_sfix_hauto,sim.json,crop.json,site.json,False,dwd/csvs,dwd/csvs/germany_ubn_1901-2018_unzipped,,,,,,1999-01-01,2019-12-31,False,False,True,True,True,False,False,True,False,True,False,False,False,,,0.73,100_256_230_100_267_25,historic_runs,Göttingen,,MaxCropHeight,1.29,,
26,True,fixed,auto,WW_sfix_hauto,sim.json,crop.json,site.json,False,dwd/csvs,dwd/csvs/germany_ubn_1901-2018_unzipped,,,,,,1999-01-01,2019-12-31,False,False,True,True,True,False,False,True,False,True,False,False,False,,,0.73,100_256_230_100_267_25,historic_runs,Göttingen,,MaxCropHeight,0.78,,
27,True,fixed,auto,WW_sfix_hauto,sim.json,crop.json,site.json,False,dwd/csvs,dwd/csvs/germany_ubn_1901-2018_unzipped,,,,,,1999-01-01,2019-12-31,False,False,True,True,True,False,False,True,False,True,False,False,False,,,0.73,100_256_230_100_267_25,historic_runs,Göttingen,,MaxCropHeight,1.07,,
28,True,fixed,auto,WW_sfix_hauto,sim.json,crop.json,site.json,False,dwd/csvs,dwd/csvs/germany_ubn_1901-2018_unzipped,,,,,,1999-01-01,2019-12-31,False,False,True,True,True,False,False,True,False,True,False,False,False,,,0.73,100_256_230_100_267_25,historic_runs,Göttingen,,MaxCropHeight,0.91,,
29,True,fixed,auto,WW_sfix_hauto,sim.json,crop.json,site.json,False,dwd/csvs,dwd/csvs/germany_ubn_1901-2018_unzipped,,,,,,1999-01-01,2019-12-31,False,False,True,True,True,False,False,True,False,True,False,False,False,,,0.73,100_256_230_100_267_25,historic_runs,Göttingen,,MaxCropHeight,0.94,,
30,True,fixed,auto,WW_sfix_hauto,sim.json,crop.json,site.json,False,dwd/csvs,dwd/csvs/germany_ubn_1901-2018_unzipped,,,,,,1999-01-01,2019-12-31,False,False,True,True,True,False,False,True,False,True,False,False,False,,,0.73,100_256_230_100_267_25,historic_runs,Göttingen,,MaxCropHeight,1.27,,
31,True,fixed,auto,WW_sfix_hauto,sim.json,crop.json,site.json,False,dwd/csvs,dwd/csvs/germany_ubn_1901-2018_unzipped,,,,,,1999-01-01,2019-12-31,False,False,True,True,True,False,False,True,False,True,False,False,False,,,0.73,100_256_230_100_267_25,historic_runs,Göttingen,,MaxCropHeight,0.8,,
32,True,fixed,auto,WW_sfix_hauto,sim.json,crop.json,site.json,False,dwd/csvs,dwd/csvs/germany_ubn_1901-2018_unzipped,,,,,,1999-01-01,2019-12-31,False,False,True,True,True,False,False,True,False,True,False,False,False,,,0.73,100_256_230_100_267_25,historic_runs,Göttingen,,MaxCropHeight,1.29,,
33,True,fixed,auto,WW_sfix_hauto,sim.json,crop.json,site.json,False,dwd/csvs,dwd/csvs/germany_ubn_1901-2018_unzipped,,,,,,1999-01-01,2019-12-31,False,False,True,True,True,False,False,True,False,True,False,False,False,,,0.73,100_256_230_100_267_25,historic_runs,Göttingen,,MaxCropHeight,1.36,,
34,True,fixed,auto,WW_sfix_hauto,sim.json,crop.json,site.json,False,dwd/csvs,dwd/csvs/germany_ubn_1901-2018_unzipped,,,,,,1999-01-01,2019-12-31,False,False,True,True,True,False,False,True,False,True,False,False,False,,,0.73,100_256_230_100_267_25,historic_runs,Göttingen,,MaxCropHeight,1.22,,
35,True,fixed,auto,WW_sfix_hauto,sim.json,crop.json,site.json,False,dwd/csvs,dwd/csvs/germany_ubn_1901-2018_unzipped,,,,,,1999-01-01,2019-12-31,False,False,True,True,True,False,False,True,False,True,False,False,False,,,0.73,100_256_230_100_267_25,historic_runs,Göttingen,,MaxCropHeight,1.1,,
36,True,fixed,auto,WW_sfix_hauto,sim.json,crop.json,site.json,False,dwd/csvs,dwd/csvs/germany_ubn_1901-2018_unzipped,,,,,,1999-01-01,2019-12-31,False,False,True,True,True,False,False,True,False,True,False,False,False,,,0.73,100_256_230_100_267_25,historic_runs,Göttingen,,MaxCropHeight,1.39,,
37,True,fixed,auto,WW_sfix_hauto,sim.json,crop.json,site.json,False,dwd/csvs,dwd/csvs/germany_ubn_1901-2018_unzipped,,,,,,1999-01-01,2019-12-31,False,False,True,True,True,False,False,True,False,True,False,False,False,,,0.73,100_256_230_100_267_25,historic_runs,Göttingen,,MaxCropHeight,1.35,,
38,True,fixed,auto,WW_sfix_hauto,sim.json,crop.json,site.json,False,dwd/csvs,dwd/csvs/germany_ubn_1901-2018_unzipped,,,,,,1999-01-01,2019-12-31,False,False,True,True,True,False,False,True,False,True,False,False,False,,,0.73,100_256_230_100_267_25,historic_runs,Göttingen,,MaxCropHeight,1.3,,
39,True,fixed,auto,WW_sfix_hauto,sim.json,crop.json,site.json,False,dwd/csvs,dwd/csvs/germany_ubn_1901-2018_unzipped,,,,,,1999-01-01,2019-12-31,False,False,True,True,True,False,False,True,False,True,False,False,False,,,0.73,100_256_230_100_267_25,historic_runs,Göttingen,,MaxCropHeight,0.98,,
40,True,fixed,auto,WW_sfix_hauto,sim.json,crop.json,site.json,False,dwd/csvs,dwd/csvs/germany_ubn_1901-2018_unzipped,,,,,,1999-01-01,2019-12-31,False,False,True,True,True,False,False,True,False,True,False,False,False,,,0.73,100_256_230_100_267_25,historic_runs,Göttingen,,MaxCropHeight,1.4,,
41,True,fixed,auto,WW_sfix_hauto,sim.json,crop.json,site.json,False,dwd/csvs,dwd/csvs/germany_ubn_1901-2018_unzipped,,,,,,1999-01-01,2019-12-31,False,False,True,True,True,False,False,True,False,True,False,False,False,,,0.73,100_256_230_100_267_25,historic_runs,Göttingen,,DaylengthRequirement,10,1,
42,True,fixed,auto,WW_sfix_hauto,sim.json,crop.json,site.json,False,dwd/csvs,dwd/csvs/germany_ubn_1901-2018_unzipped,,,,,,1999-01-01,2019-12-31,False,False,True,True,True,False,False,True,False,True,False,False,False,,,0.73,100_256_230_100_267_25,historic_runs,Göttingen,,DaylengthRequirement,11,1,
43,True,fixed,auto,WW_sfix_hauto,sim.json,crop.json,site.json,False,dwd/csvs,dwd/csvs/germany_ubn_1901-2018_unzipped,,,,,,1999-01-01,2019-12-31,False,False,True,True,True,False,False,True,False,True,False,False,False,,,0.73,100_256_230_100_267_25,historic_runs,Göttingen,,DaylengthRequirement,12,1,
44,True,fixed,auto,WW_sfix_hauto,sim.json,crop.json,site.json,False,dwd/csvs,dwd/csvs/germany_ubn_1901-2018_unzipped,,,,,,1999-01-01,2019-12-31,False,False,True,True,True,False,False,True,False,True,False,False,False,,,0.73,100_256_230_100_267_25,historic_runs,Göttingen,,DaylengthRequirement,13,1,
45,True,fixed,auto,WW_sfix_hauto,sim.json,crop.json,site.json,False,dwd/csvs,dwd/csvs/germany_ubn_1901-2018_unzipped,,,,,,1999-01-01,2019-12-31,False,False,True,True,True,False,False,True,False,True,False,False,False,,,0.73,100_256_230_100_267_25,historic_runs,Göttingen,,DaylengthRequirement,14,1,
46,True,fixed,auto,WW_sfix_hauto,sim.json,crop.json,site.json,False,dwd/csvs,dwd/csvs/germany_ubn_1901-2018_unzipped,,,,,,1999-01-01,2019-12-31,False,False,True,True,True,False,False,True,False,True,False,False,False,,,0.73,100_256_230_100_267_25,historic_runs,Göttingen,,DaylengthRequirement,15,1,
47,True,fixed,auto,WW_sfix_hauto,sim.json,crop.json,site.json,False,dwd/csvs,dwd/csvs/germany_ubn_1901-2018_unzipped,,,,,,1999-01-01,2019-12-31,False,False,True,True,True,False,False,True,False,True,False,False,False,,,0.73,100_256_230_100_267_25,historic_runs,Göttingen,,DaylengthRequirement,16,1,
48,True,fixed,auto,WW_sfix_hauto,sim.json,crop.json,site.json,False,dwd/csvs,dwd/csvs/germany_ubn_1901-2018_unzipped,,,,,,1999-01-01,2019-12-31,False,False,True,True,True,False,False,True,False,True,False,False,False,,,0.73,100_256_230_100_267_25,historic_runs,Göttingen,,DaylengthRequirement,17,1,
49,True,fixed,auto,WW_sfix_hauto,sim.json,crop.json,site.json,False,dwd/csvs,dwd/csvs/germany_ubn_1901-2018_unzipped,,,,,,1999-01-01,2019-12-31,False,False,True,True,True,False,False,True,False,True,False,False,False,,,0.73,100_256_230_100_267_25,historic_runs,Göttingen,,DaylengthRequirement,18,1,
50,True,fixed,auto,WW_sfix_hauto,sim.json,crop.json,site.json,False,dwd/csvs,dwd/csvs/germany_ubn_1901-2018_unzipped,,,,,,1999-01-01,2019-12-31,False,False,True,True,True,False,False,True,False,True,False,False,False,,,0.73,100_256_230_100_267_25,historic_runs,Göttingen,,DaylengthRequirement,19,1,
51,True,fixed,auto,WW_sfix_hauto,sim.json,crop.json,site.json,False,dwd/csvs,dwd/csvs/germany_ubn_1901-2018_unzipped,,,,,,1999-01-01,2019-12-31,False,False,True,True,True,False,False,True,False,True,False,False,False,,,0.73,100_256_230_100_267_25,historic_runs,Göttingen,,DaylengthRequirement,20,1,
52,True,fixed,auto,WW_sfix_hauto,sim.json,crop.json,site.json,False,dwd/csvs,dwd/csvs/germany_ubn_1901-2018_unzipped,,,,,,1999-01-01,2019-12-31,False,False,True,True,True,False,False,True,False,True,False,False,False,,,0.73,100_256_230_100_267_25,historic_runs,Göttingen,,DaylengthRequirement,10,2,
53,True,fixed,auto,WW_sfix_hauto,sim.json,crop.json,site.json,False,dwd/csvs,dwd/csvs/germany_ubn_1901-2018_unzipped,,,,,,1999-01-01,2019-12-31,False,False,True,True,True,False,False,True,False,True,False,False,False,,,0.73,100_256_230_100_267_25,historic_runs,Göttingen,,DaylengthRequirement,11,2,
54,True,fixed,auto,WW_sfix_hauto,sim.json,crop.json,site.json,False,dwd/csvs,dwd/csvs/germany_ubn_1901-2018_unzipped,,,,,,1999-01-01,2019-12-31,False,False,True,True,True,False,False,True,False,True,False,False,False,,,0.73,100_256_230_100_267_25,historic_runs,Göttingen,,DaylengthRequirement,12,2,
55,True,fixed,auto,WW_sfix_hauto,sim.json,crop.json,site.json,False,dwd/csvs,dwd/csvs/germany_ubn_1901-2018_unzipped,,,,,,1999-01-01,2019-12-31,False,False,True,True,True,False,False,True,False,True,False,False,False,,,0.73,100_256_230_100_267_25,historic_runs,Göttingen,,DaylengthRequirement,13,2,
56,True,fixed,auto,WW_sfix_hauto,sim.json,crop.json,site.json,False,dwd/csvs,dwd/csvs/germany_ubn_1901-2018_unzipped,,,,,,1999-01-01,2019-12-31,False,False,True,True,True,False,False,True,False,True,False,False,False,,,0.73,100_256_230_100_267_25,historic_runs,Göttingen,,DaylengthRequirement,14,2,
57,True,fixed,auto,WW_sfix_hauto,sim.json,crop.json,site.json,False,dwd/csvs,dwd/csvs/germany_ubn_1901-2018_unzipped,,,,,,1999-01-01,2019-12-31,False,False,True,True,True,False,False,True,False,True,False,False,False,,,0.73,100_256_230_100_267_25,historic_runs,Göttingen,,DaylengthRequirement,15,2,
58,True,fixed,auto,WW_sfix_hauto,sim.json,crop.json,site.json,False,dwd/csvs,dwd/csvs/germany_ubn_1901-2018_unzipped,,,,,,1999-01-01,2019-12-31,False,False,True,True,True,False,False,True,False,True,False,False,False,,,0.73,100_256_230_100_267_25,historic_runs,Göttingen,,DaylengthRequirement,16,2,
59,True,fixed,auto,WW_sfix_hauto,sim.json,crop.json,site.json,False,dwd/csvs,dwd/csvs/germany_ubn_1901-2018_unzipped,,,,,,1999-01-01,2019-12-31,False,False,True,True,True,False,False,True,False,True,False,False,False,,,0.73,100_256_230_100_267_25,historic_runs,Göttingen,,DaylengthRequirement,17,2,
60,True,fixed,auto,WW_sfix_hauto,sim.json,crop.json,site.json,False,dwd/csvs,dwd/csvs/germany_ubn_1901-2018_unzipped,,,,,,1999-01-01,2019-12-31,False,False,True,True,True,False,False,True,False,True,False,False,False,,,0.73,100_256_230_100_267_25,historic_runs,Göttingen,,DaylengthRequirement,18,2,
61,True,fixed,auto,WW_sfix_hauto,sim.json,crop.json,site.json,False,dwd/csvs,dwd/csvs/germany_ubn_1901-2018_unzipped,,,,,,1999-01-01,2019-12-31,False,False,True,True,True,False,False,True,False,True,False,False,False,,,0.73,100_256_230_100_267_25,historic_runs,Göttingen,,DaylengthRequirement,19,2,
62,True,fixed,auto,WW_sfix_hauto,sim.json,crop.json,site.json,False,dwd/csvs,dwd/csvs/germany_ubn_1901-2018_unzipped,,,,,,1999-01-01,2019-12-31,False,False,True,True,True,False,False,True,False,True,False,False,False,,,0.73,100_256_230_100_267_25,historic_runs,Göttingen,,DaylengthRequirement,20,2,
63,True,fixed,auto,WW_sfix_hauto,sim.json,crop.json,site.json,False,dwd/csvs,dwd/csvs/germany_ubn_1901-2018_unzipped,,,,,,1999-01-01,2019-12-31,False,False,True,True,True,False,False,True,False,True,False,False,False,,,0.73,100_256_230_100_267_25,historic_runs,Göttingen,,DaylengthRequirement,10,3,
64,True,fixed,auto,WW_sfix_hauto,sim.json,crop.json,site.json,False,dwd/csvs,dwd/csvs/germany_ubn_1901-2018_unzipped,,,,,,1999-01-01,2019-12-31,False,False,True,True,True,False,False,True,False,True,False,False,False,,,0.73,100_256_230_100_267_25,historic_runs,Göttingen,,DaylengthRequirement,11,3,
65,True,fixed,auto,WW_sfix_hauto,sim.json,crop.json,site.json,False,dwd/csvs,dwd/csvs/germany_ubn_1901-2018_unzipped,,,,,,1999-01-01,2019-12-31,False,False,True,True,True,False,False,True,False,True,False,False,False,,,0.73,100_256_230_100_267_25,historic_runs,Göttingen,,DaylengthRequirement,12,3,
66,True,fixed,auto,WW_sfix_hauto,sim.json,crop.json,site.json,False,dwd/csvs,dwd/csvs/germany_ubn_1901-2018_unzipped,,,,,,1999-01-01,2019-12-31,False,False,True,True,True,False,False,True,False,True,False,False,False,,,0.73,100_256_230_100_267_25,historic_runs,Göttingen,,DaylengthRequirement,13,3,
67,True,fixed,auto,WW_sfix_hauto,sim.json,crop.json,site.json,False,dwd/csvs,dwd/csvs/germany_ubn_1901-2018_unzipped,,,,,,1999-01-01,2019-12-31,False,False,True,True,True,False,False,True,False,True,False,False,False,,,0.73,100_256_230_100_267_25,historic_runs,Göttingen,,DaylengthRequirement,14,3,
68,True,fixed,auto,WW_sfix_hauto,sim.json,crop.json,site.json,False,dwd/csvs,dwd/csvs/germany_ubn_1901-2018_unzipped,,,,,,1999-01-01,2019-12-31,False,False,True,True,True,False,False,True,False,True,False,False,False,,,0.73,100_256_230_100_267_25,historic_runs,Göttingen,,DaylengthRequirement,15,3,
69,True,fixed,auto,WW_sfix_hauto,sim.json,crop.json,site.json,False,dwd/csvs,dwd/csvs/germany_ubn_1901-2018_unzipped,,,,,,1999-01-01,2019-12-31,False,False,True,True,True,False,False,True,False,True,False,False,False,,,0.73,100_256_230_100_267_25,historic_runs,Göttingen,,DaylengthRequirement,16,3,
70,True,fixed,auto,WW_sfix_hauto,sim.json,crop.json,site.json,False,dwd/csvs,dwd/csvs/germany_ubn_1901-2018_unzipped,,,,,,1999-01-01,2019-12-31,False,False,True,True,True,False,False,True,False,True,False,False,False,,,0.73,100_256_230_100_267_25,historic_runs,Göttingen,,DaylengthRequirement,17,3,
71,True,fixed,auto,WW_sfix_hauto,sim.json,crop.json,site.json,False,dwd/csvs,dwd/csvs/germany_ubn_1901-2018_unzipped,,,,,,1999-01-01,2019-12-31,False,False,True,True,True,False,False,True,False,True,False,False,False,,,0.73,100_256_230_100_267_25,historic_runs,Göttingen,,DaylengthRequirement,18,3,
72,True,fixed,auto,WW_sfix_hauto,sim.json,crop.json,site.json,False,dwd/csvs,dwd/csvs/germany_ubn_1901-2018_unzipped,,,,,,1999-01-01,2019-12-31,False,False,True,True,True,False,False,True,False,True,False,False,False,,,0.73,100_256_230_100_267_25,historic_runs,Göttingen,,DaylengthRequirement,19,3,
73,True,fixed,auto,WW_sfix_hauto,sim.json,crop.json,site.json,False,dwd/csvs,dwd/csvs/germany_ubn_1901-2018_unzipped,,,,,,1999-01-01,2019-12-31,False,False,True,True,True,False,False,True,False,True,False,False,False,,,0.73,100_256_230_100_267_25,historic_runs,Göttingen,,DaylengthRequirement,20,3,
74,True,fixed,auto,WW_sfix_hauto,sim.json,crop.json,site.json,False,dwd/csvs,dwd/csvs/germany_ubn_1901-2018_unzipped,,,,,,1999-01-01,2019-12-31,False,False,True,True,True,False,False,True,False,True,False,False,False,,,0.73,100_256_230_100_267_25,historic_runs,Göttingen,,StageKcFactor,0.37,0,
75,True,fixed,auto,WW_sfix_hauto,sim.json,crop.json,site.json,False,dwd/csvs,dwd/csvs/germany_ubn_1901-2018_unzipped,,,,,,1999-01-01,2019-12-31,False,False,True,True,True,False,False,True,False,True,False,False,False,,,0.73,100_256_230_100_267_25,historic_runs,Göttingen,,StageKcFactor,0.35,0,
76,True,fixed,auto,WW_sfix_hauto,sim.json,crop.json,site.json,False,dwd/csvs,dwd/csvs/germany_ubn_1901-2018_unzipped,,,,,,1999-01-01,2019-12-31,False,False,True,True,True,False,False,True,False,True,False,False,False,,,0.73,100_256_230_100_267_25,historic_runs,Göttingen,,StageKcFactor,0.36,0,
77,True,fixed,auto,WW_sfix_hauto,sim.json,crop.json,site.json,False,dwd/csvs,dwd/csvs/germany_ubn_1901-2018_unzipped,,,,,,1999-01-01,2019-12-31,False,False,True,True,True,False,False,True,False,True,False,False,False,,,0.73,100_256_230_100_267_25,historic_runs,Göttingen,,StageKcFactor,0.44,0,
78,True,fixed,auto,WW_sfix_hauto,sim.json,crop.json,site.json,False,dwd/csvs,dwd/csvs/germany_ubn_1901-2018_unzipped,,,,,,1999-01-01,2019-12-31,False,False,True,True,True,False,False,True,False,True,False,False,False,,,0.73,100_256_230_100_267_25,historic_runs,Göttingen,,StageKcFactor,0.45,0,
79,True,fixed,auto,WW_sfix_hauto,sim.json,crop.json,site.json,False,dwd/csvs,dwd/csvs/germany_ubn_1901-2018_unzipped,,,,,,1999-01-01,2019-12-31,False,False,True,True,True,False,False,True,False,True,False,False,False,,,0.73,100_256_230_100_267_25,historic_runs,Göttingen,,StageKcFactor,0.4,0,
80,True,fixed,auto,WW_sfix_hauto,sim.json,crop.json,site.json,False,dwd/csvs,dwd/csvs/germany_ubn_1901-2018_unzipped,,,,,,1999-01-01,2019-12-31,False,False,True,True,True,False,False,True,False,True,False,False,False,,,0.73,100_256_230_100_267_25,historic_runs,Göttingen,,StageKcFactor,0.38,0,
81,True,fixed,auto,WW_sfix_hauto,sim.json,crop.json,site.json,False,dwd/csvs,dwd/csvs/germany_ubn_1901-2018_unzipped,,,,,,1999-01-01,2019-12-31,False,False,True,True,True,False,False,True,False,True,False,False,False,,,0.73,100_256_230_100_267_25,historic_runs,Göttingen,,StageKcFactor,0.34,0,
82,True,fixed,auto,WW_sfix_hauto,sim.json,crop.json,site.json,False,dwd/csvs,dwd/csvs/germany_ubn_1901-2018_unzipped,,,,,,1999-01-01,2019-12-31,False,False,True,True,True,False,False,True,False,True,False,False,False,,,0.73,100_256_230_100_267_25,historic_runs,Göttingen,,StageKcFactor,0.46,0,
83,True,fixed,auto,WW_sfix_hauto,sim.json,crop.json,site.json,False,dwd/csvs,dwd/csvs/germany_ubn_1901-2018_unzipped,,,,,,1999-01-01,2019-12-31,False,False,True,True,True,False,False,True,False,True,False,False,False,,,0.73,100_256_230_100_267_25,historic_runs,Göttingen,,StageKcFactor,0.39,0,
84,True,fixed,auto,WW_sfix_hauto,sim.json,crop.json,site.json,False,dwd/csvs,dwd/csvs/germany_ubn_1901-2018_unzipped,,,,,,1999-01-01,2019-12-31,False,False,True,True,True,False,False,True,False,True,False,False,False,,,0.73,100_256_230_100_267_25,historic_runs,Göttingen,,StageKcFactor,0.42,0,
85,True,fixed,auto,WW_sfix_hauto,sim.json,crop.json,site.json,False,dwd/csvs,dwd/csvs/germany_ubn_1901-2018_unzipped,,,,,,1999-01-01,2019-12-31,False,False,True,True,True,False,False,True,False,True,False,False,False,,,0.73,100_256_230_100_267_25,historic_runs,Göttingen,,StageKcFactor,0.76,1,
86,True,fixed,auto,WW_sfix_hauto,sim.json,crop.json,site.json,False,dwd/csvs,dwd/csvs/germany_ubn_1901-2018_unzipped,,,,,,1999-01-01,2019-12-31,False,False,True,True,True,False,False,True,False,True,False,False,False,,,0.73,100_256_230_100_267_25,historic_runs,Göttingen,,StageKcFactor,0.87,1,
87,True,fixed,auto,WW_sfix_hauto,sim.json,crop.json,site.json,False,dwd/csvs,dwd/csvs/germany_ubn_1901-2018_unzipped,,,,,,1999-01-01,2019-12-31,False,False,True,True,True,False,False,True,False,True,False,False,False,,,0.73,100_256_230_100_267_25,historic_runs,Göttingen,,StageKcFactor,0.82,1,
88,True,fixed,auto,WW_sfix_hauto,sim.json,crop.json,site.json,False,dwd/csvs,dwd/csvs/germany_ubn_1901-2018_unzipped,,,,,,1999-01-01,2019-12-31,False,False,True,True,True,False,False,True,False,True,False,False,False,,,0.73,100_256_230_100_267_25,historic_runs,Göttingen,,StageKcFactor,0.69,1,
89,True,fixed,auto,WW_sfix_hauto,sim.json,crop.json,site.json,False,dwd/csvs,dwd/csvs/germany_ubn_1901-2018_unzipped,,,,,,1999-01-01,2019-12-31,False,False,True,True,True,False,False,True,False,True,False,False,False,,,0.73,100_256_230_100_267_25,historic_runs,Göttingen,,StageKcFactor,0.91,1,
80,True,fixed,auto,WW_sfix_hauto,sim.json,crop.json,site.json,False,dwd/csvs,dwd/csvs/germany_ubn_1901-2018_unzipped,,,,,,1999-01-01,2019-12-31,False,False,True,True,True,False,False,True,False,True,False,False,False,,,0.73,100_256_230_100_267_25,historic_runs,Göttingen,,StageKcFactor,0.85,1,
91,True,fixed,auto,WW_sfix_hauto,sim.json,crop.json,site.json,False,dwd/csvs,dwd/csvs/germany_ubn_1901-2018_unzipped,,,,,,1999-01-01,2019-12-31,False,False,True,True,True,False,False,True,False,True,False,False,False,,,0.73,100_256_230_100_267_25,historic_runs,Göttingen,,StageKcFactor,0.9,1,
92,True,fixed,auto,WW_sfix_hauto,sim.json,crop.json,site.json,False,dwd/csvs,dwd/csvs/germany_ubn_1901-2018_unzipped,,,,,,1999-01-01,2019-12-31,False,False,True,True,True,False,False,True,False,True,False,False,False,,,0.73,100_256_230_100_267_25,historic_runs,Göttingen,,StageKcFactor,0.86,1,
93,True,fixed,auto,WW_sfix_hauto,sim.json,crop.json,site.json,False,dwd/csvs,dwd/csvs/germany_ubn_1901-2018_unzipped,,,,,,1999-01-01,2019-12-31,False,False,True,True,True,False,False,True,False,True,False,False,False,,,0.73,100_256_230_100_267_25,historic_runs,Göttingen,,StageKcFactor,0.8,1,
94,True,fixed,auto,WW_sfix_hauto,sim.json,crop.json,site.json,False,dwd/csvs,dwd/csvs/germany_ubn_1901-2018_unzipped,,,,,,1999-01-01,2019-12-31,False,False,True,True,True,False,False,True,False,True,False,False,False,,,0.73,100_256_230_100_267_25,historic_runs,Göttingen,,StageKcFactor,0.77,1,
95,True,fixed,auto,WW_sfix_hauto,sim.json,crop.json,site.json,False,dwd/csvs,dwd/csvs/germany_ubn_1901-2018_unzipped,,,,,,1999-01-01,2019-12-31,False,False,True,True,True,False,False,True,False,True,False,False,False,,,0.73,100_256_230_100_267_25,historic_runs,Göttingen,,StageKcFactor,0.7,1,
96,True,fixed,auto,WW_sfix_hauto,sim.json,crop.json,site.json,False,dwd/csvs,dwd/csvs/germany_ubn_1901-2018_unzipped,,,,,,1999-01-01,2019-12-31,False,False,True,True,True,False,False,True,False,True,False,False,False,,,0.73,100_256_230_100_267_25,historic_runs,Göttingen,,StageKcFactor,1.1,3,
97,True,fixed,auto,WW_sfix_hauto,sim.json,crop.json,site.json,False,dwd/csvs,dwd/csvs/germany_ubn_1901-2018_unzipped,,,,,,1999-01-01,2019-12-31,False,False,True,True,True,False,False,True,False,True,False,False,False,,,0.73,100_256_230_100_267_25,historic_runs,Göttingen,,StageKcFactor,1.2,3,
98,True,fixed,auto,WW_sfix_hauto,sim.json,crop.json,site.json,False,dwd/csvs,dwd/csvs/germany_ubn_1901-2018_unzipped,,,,,,1999-01-01,2019-12-31,False,False,True,True,True,False,False,True,False,True,False,False,False,,,0.73,100_256_230_100_267_25,historic_runs,Göttingen,,StageKcFactor,1.3,3,
99,True,fixed,auto,WW_sfix_hauto,sim.json,crop.json,site.json,False,dwd/csvs,dwd/csvs/germany_ubn_1901-2018_unzipped,,,,,,1999-01-01,2019-12-31,False,False,True,True,True,False,False,True,False,True,False,False,False,,,0.73,100_256_230_100_267_25,historic_runs,Göttingen,,StageKcFactor,1.24,3,
100,True,fixed,auto,WW_sfix_hauto,sim.json,crop.json,site.json,False,dwd/csvs,dwd/csvs/germany_ubn_1901-2018_unzipped,,,,,,1999-01-01,2019-12-31,False,False,True,True,True,False,False,True,False,True,False,False,False,,,0.73,100_256_230_100_267_25,historic_runs,Göttingen,,StageKcFactor,1.38,3,
101,True,fixed,auto,WW_sfix_hauto,sim.json,crop.json,site.json,False,dwd/csvs,dwd/csvs/germany_ubn_1901-2018_unzipped,,,,,,1999-01-01,2019-12-31,False,False,True,True,True,False,False,True,False,True,False,False,False,,,0.73,100_256_230_100_267_25,historic_runs,Göttingen,,StageKcFactor,1.25,3,
102,True,fixed,auto,WW_sfix_hauto,sim.json,crop.json,site.json,False,dwd/csvs,dwd/csvs/germany_ubn_1901-2018_unzipped,,,,,,1999-01-01,2019-12-31,False,False,True,True,True,False,False,True,False,True,False,False,False,,,0.73,100_256_230_100_267_25,historic_runs,Göttingen,,StageKcFactor,1.22,3,
103,True,fixed,auto,WW_sfix_hauto,sim.json,crop.json,site.json,False,dwd/csvs,dwd/csvs/germany_ubn_1901-2018_unzipped,,,,,,1999-01-01,2019-12-31,False,False,True,True,True,False,False,True,False,True,False,False,False,,,0.73,100_256_230_100_267_25,historic_runs,Göttingen,,StageKcFactor,1.14,3,
104,True,fixed,auto,WW_sfix_hauto,sim.json,crop.json,site.json,False,dwd/csvs,dwd/csvs/germany_ubn_1901-2018_unzipped,,,,,,1999-01-01,2019-12-31,False,False,True,True,True,False,False,True,False,True,False,False,False,,,0.73,100_256_230_100_267_25,historic_runs,Göttingen,,StageKcFactor,1.03,3,
105,True,fixed,auto,WW_sfix_hauto,sim.json,crop.json,site.json,False,dwd/csvs,dwd/csvs/germany_ubn_1901-2018_unzipped,,,,,,1999-01-01,2019-12-31,False,False,True,True,True,False,False,True,False,True,False,False,False,,,0.73,100_256_230_100_267_25,historic_runs,Göttingen,,StageKcFactor,1.28,3,
106,True,fixed,auto,WW_sfix_hauto,sim.json,crop.json,site.json,False,dwd/csvs,dwd/csvs/germany_ubn_1901-2018_unzipped,,,,,,1999-01-01,2019-12-31,False,False,True,True,True,False,False,True,False,True,False,False,False,,,0.73,100_256_230_100_267_25,historic_runs,Göttingen,,StageKcFactor,1.18,3,
107,True,fixed,auto,WW_sfix_hauto,sim.json,crop.json,site.json,False,dwd/csvs,dwd/csvs/germany_ubn_1901-2018_unzipped,,,,,,1999-01-01,2019-12-31,False,False,True,True,True,False,False,True,False,True,False,False,False,,,0.73,100_256_230_100_267_25,historic_runs,Göttingen,,StageTemperatureSum,404,2,
108,True,fixed,auto,WW_sfix_hauto,sim.json,crop.json,site.json,False,dwd/csvs,dwd/csvs/germany_ubn_1901-2018_unzipped,,,,,,1999-01-01,2019-12-31,False,False,True,True,True,False,False,True,False,True,False,False,False,,,0.73,100_256_230_100_267_25,historic_runs,Göttingen,,StageTemperatureSum,361,2,
109,True,fixed,auto,WW_sfix_hauto,sim.json,crop.json,site.json,False,dwd/csvs,dwd/csvs/germany_ubn_1901-2018_unzipped,,,,,,1999-01-01,2019-12-31,False,False,True,True,True,False,False,True,False,True,False,False,False,,,0.73,100_256_230_100_267_25,historic_runs,Göttingen,,StageTemperatureSum,378,2,
110,True,fixed,auto,WW_sfix_hauto,sim.json,crop.json,site.json,False,dwd/csvs,dwd/csvs/germany_ubn_1901-2018_unzipped,,,,,,1999-01-01,2019-12-31,False,False,True,True,True,False,False,True,False,True,False,False,False,,,0.73,100_256_230_100_267_25,historic_runs,Göttingen,,StageTemperatureSum,372,2,
111,True,fixed,auto,WW_sfix_hauto,sim.json,crop.json,site.json,False,dwd/csvs,dwd/csvs/germany_ubn_1901-2018_unzipped,,,,,,1999-01-01,2019-12-31,False,False,True,True,True,False,False,True,False,True,False,False,False,,,0.73,100_256_230_100_267_25,historic_runs,Göttingen,,StageTemperatureSum,414,2,
112,True,fixed,auto,WW_sfix_hauto,sim.json,crop.json,site.json,False,dwd/csvs,dwd/csvs/germany_ubn_1901-2018_unzipped,,,,,,1999-01-01,2019-12-31,False,False,True,True,True,False,False,True,False,True,False,False,False,,,0.73,100_256_230_100_267_25,historic_runs,Göttingen,,StageTemperatureSum,349,2,
113,True,fixed,auto,WW_sfix_hauto,sim.json,crop.json,site.json,False,dwd/csvs,dwd/csvs/germany_ubn_1901-2018_unzipped,,,,,,1999-01-01,2019-12-31,False,False,True,True,True,False,False,True,False,True,False,False,False,,,0.73,100_256_230_100_267_25,historic_runs,Göttingen,,StageTemperatureSum,388,2,
114,True,fixed,auto,WW_sfix_hauto,sim.json,crop.json,site.json,False,dwd/csvs,dwd/csvs/germany_ubn_1901-2018_unzipped,,,,,,1999-01-01,2019-12-31,False,False,True,True,True,False,False,True,False,True,False,False,False,,,0.73,100_256_230_100_267_25,historic_runs,Göttingen,,StageTemperatureSum,396,2,
115,True,fixed,auto,WW_sfix_hauto,sim.json,crop.json,site.json,False,dwd/csvs,dwd/csvs/germany_ubn_1901-2018_unzipped,,,,,,1999-01-01,2019-12-31,False,False,True,True,True,False,False,True,False,True,False,False,False,,,0.73,100_256_230_100_267_25,historic_runs,Göttingen,,StageTemperatureSum,353,2,
116,True,fixed,auto,WW_sfix_hauto,sim.json,crop.json,site.json,False,dwd/csvs,dwd/csvs/germany_ubn_1901-2018_unzipped,,,,,,1999-01-01,2019-12-31,False,False,True,True,True,False,False,True,False,True,False,False,False,,,0.73,100_256_230_100_267_25,historic_runs,Göttingen,,StageTemperatureSum,390,2,
117,True,fixed,auto,WW_sfix_hauto,sim.json,crop.json,site.json,False,dwd/csvs,dwd/csvs/germany_ubn_1901-2018_unzipped,,,,,,1999-01-01,2019-12-31,False,False,True,True,True,False,False,True,False,True,False,False,False,,,0.73,100_256_230_100_267_25,historic_runs,Göttingen,,StageTemperatureSum,445,4,
118,True,fixed,auto,WW_sfix_hauto,sim.json,crop.json,site.json,False,dwd/csvs,dwd/csvs/germany_ubn_1901-2018_unzipped,,,,,,1999-01-01,2019-12-31,False,False,True,True,True,False,False,True,False,True,False,False,False,,,0.73,100_256_230_100_267_25,historic_runs,Göttingen,,StageTemperatureSum,385,4,
119,True,fixed,auto,WW_sfix_hauto,sim.json,crop.json,site.json,False,dwd/csvs,dwd/csvs/germany_ubn_1901-2018_unzipped,,,,,,1999-01-01,2019-12-31,False,False,True,True,True,False,False,True,False,True,False,False,False,,,0.73,100_256_230_100_267_25,historic_runs,Göttingen,,StageTemperatureSum,433,4,
120,True,fixed,auto,WW_sfix_hauto,sim.json,crop.json,site.json,False,dwd/csvs,dwd/csvs/germany_ubn_1901-2018_unzipped,,,,,,1999-01-01,2019-12-31,False,False,True,True,True,False,False,True,False,True,False,False,False,,,0.73,100_256_230_100_267_25,historic_runs,Göttingen,,StageTemperatureSum,408,4,
121,True,fixed,auto,WW_sfix_hauto,sim.json,crop.json,site.json,False,dwd/csvs,dwd/csvs/germany_ubn_1901-2018_unzipped,,,,,,1999-01-01,2019-12-31,False,False,True,True,True,False,False,True,False,True,False,False,False,,,0.73,100_256_230_100_267_25,historic_runs,Göttingen,,StageTemperatureSum,452,4,
122,True,fixed,auto,WW_sfix_hauto,sim.json,crop.json,site.json,False,dwd/csvs,dwd/csvs/germany_ubn_1901-2018_unzipped,,,,,,1999-01-01,2019-12-31,False,False,True,True,True,False,False,True,False,True,False,False,False,,,0.73,100_256_230_100_267_25,historic_runs,Göttingen,,StageTemperatureSum,439,4,
123,True,fixed,auto,WW_sfix_hauto,sim.json,crop.json,site.json,False,dwd/csvs,dwd/csvs/germany_ubn_1901-2018_unzipped,,,,,,1999-01-01,2019-12-31,False,False,True,True,True,False,False,True,False,True,False,False,False,,,0.73,100_256_230_100_267_25,historic_runs,Göttingen,,StageTemperatureSum,454,4,
124,True,fixed,auto,WW_sfix_hauto,sim.json,crop.json,site.json,False,dwd/csvs,dwd/csvs/germany_ubn_1901-2018_unzipped,,,,,,1999-01-01,2019-12-31,False,False,True,True,True,False,False,True,False,True,False,False,False,,,0.73,100_256_230_100_267_25,historic_runs,Göttingen,,StageTemperatureSum,396,4,
125,True,fixed,auto,WW_sfix_hauto,sim.json,crop.json,site.json,False,dwd/csvs,dwd/csvs/germany_ubn_1901-2018_unzipped,,,,,,1999-01-01,2019-12-31,False,False,True,True,True,False,False,True,False,True,False,False,False,,,0.73,100_256_230_100_267_25,historic_runs,Göttingen,,StageTemperatureSum,422,4,
126,True,fixed,auto,WW_sfix_hauto,sim.json,crop.json,site.json,False,dwd/csvs,dwd/csvs/germany_ubn_1901-2018_unzipped,,,,,,1999-01-01,2019-12-31,False,False,True,True,True,False,False,True,False,True,False,False,False,,,0.73,100_256_230_100_267_25,historic_runs,Göttingen,,StageTemperatureSum,386,4,
127,True,fixed,auto,WW_sfix_hauto,sim.json,crop.json,site.json,False,dwd/csvs,dwd/csvs/germany_ubn_1901-2018_unzipped,,,,,,1999-01-01,2019-12-31,False,False,True,True,True,False,False,True,False,True,False,False,False,,,0.73,100_256_230_100_267_25,historic_runs,Göttingen,,VernalisationRequirement,25,1,
128,True,fixed,auto,WW_sfix_hauto,sim.json,crop.json,site.json,False,dwd/csvs,dwd/csvs/germany_ubn_1901-2018_unzipped,,,,,,1999-01-01,2019-12-31,False,False,True,True,True,False,False,True,False,True,False,False,False,,,0.73,100_256_230_100_267_25,historic_runs,Göttingen,,VernalisationRequirement,30,1,
129,True,fixed,auto,WW_sfix_hauto,sim.json,crop.json,site.json,False,dwd/csvs,dwd/csvs/germany_ubn_1901-2018_unzipped,,,,,,1999-01-01,2019-12-31,False,False,True,True,True,False,False,True,False,True,False,False,False,,,0.73,100_256_230_100_267_25,historic_runs,Göttingen,,VernalisationRequirement,35,1,
130,True,fixed,auto,WW_sfix_hauto,sim.json,crop.json,site.json,False,dwd/csvs,dwd/csvs/germany_ubn_1901-2018_unzipped,,,,,,1999-01-01,2019-12-31,False,False,True,True,True,False,False,True,False,True,False,False,False,,,0.73,100_256_230_100_267_25,historic_runs,Göttingen,,VernalisationRequirement,40,1,
131,True,fixed,auto,WW_sfix_hauto,sim.json,crop.json,site.json,False,dwd/csvs,dwd/csvs/germany_ubn_1901-2018_unzipped,,,,,,1999-01-01,2019-12-31,False,False,True,True,True,False,False,True,False,True,False,False,False,,,0.73,100_256_230_100_267_25,historic_runs,Göttingen,,VernalisationRequirement,45,1,
132,True,fixed,auto,WW_sfix_hauto,sim.json,crop.json,site.json,False,dwd/csvs,dwd/csvs/germany_ubn_1901-2018_unzipped,,,,,,1999-01-01,2019-12-31,False,False,True,True,True,False,False,True,False,True,False,False,False,,,0.73,100_256_230_100_267_25,historic_runs,Göttingen,,VernalisationRequirement,50,1,
133,True,fixed,auto,WW_sfix_hauto,sim.json,crop.json,site.json,False,dwd/csvs,dwd/csvs/germany_ubn_1901-2018_unzipped,,,,,,1999-01-01,2019-12-31,False,False,True,True,True,False,False,True,False,True,False,False,False,,,0.73,100_256_230_100_267_25,historic_runs,Göttingen,,VernalisationRequirement,60,1,
134,True,fixed,auto,WW_sfix_hauto,sim.json,crop.json,site.json,False,dwd/csvs,dwd/csvs/germany_ubn_1901-2018_unzipped,,,,,,1999-01-01,2019-12-31,False,False,True,True,True,False,False,True,False,True,False,False,False,,,0.73,100_256_230_100_267_25,historic_runs,Göttingen,,VernalisationRequirement,70,1,
135,True,fixed,auto,WW_sfix_hauto,sim.json,crop.json,site.json,False,dwd/csvs,dwd/csvs/germany_ubn_1901-2018_unzipped,,,,,,1999-01-01,2019-12-31,False,False,True,True,True,False,False,True,False,True,False,False,False,,,0.73,100_256_230_100_267_25,historic_runs,Göttingen,,VernalisationRequirement,80,1,
136,True,fixed,auto,WW_sfix_hauto,sim.json,crop.json,site.json,False,dwd/csvs,dwd/csvs/germany_ubn_1901-2018_unzipped,,,,,,1999-01-01,2019-12-31,False,False,True,True,True,False,False,True,False,True,False,False,False,,,0.73,100_256_230_100_267_25,historic_runs,Göttingen,,VernalisationRequirement,90,1,
137,True,fixed,auto,WW_sfix_hauto,sim.json,crop.json,site.json,False,dwd/csvs,dwd/csvs/germany_ubn_1901-2018_unzipped,,,,,,1999-01-01,2019-12-31,False,False,True,True,True,False,False,True,False,True,False,False,False,,,0.73,100_256_230_100_267_25,historic_runs,Göttingen,,VernalisationRequirement,100,1,
138,True,fixed,auto,WW_sfix_hauto,sim.json,crop.json,site.json,False,dwd/csvs,dwd/csvs/germany_ubn_1901-2018_unzipped,,,,,,1999-01-01,2019-12-31,False,False,True,True,True,False,False,True,False,True,False,False,False,,,0.73,100_256_230_100_267_25,historic_runs,Göttingen,,SpecificLeafArea,,,0.5
139,True,fixed,auto,WW_sfix_hauto,sim.json,crop.json,site.json,False,dwd/csvs,dwd/csvs/germany_ubn_1901-2018_unzipped,,,,,,1999-01-01,2019-12-31,False,False,True,True,True,False,False,True,False,True,False,False,False,,,0.73,100_256_230_100_267_25,historic_runs,Göttingen,,SpecificLeafArea,,,0.6
140,True,fixed,auto,WW_sfix_hauto,sim.json,crop.json,site.json,False,dwd/csvs,dwd/csvs/germany_ubn_1901-2018_unzipped,,,,,,1999-01-01,2019-12-31,False,False,True,True,True,False,False,True,False,True,False,False,False,,,0.73,100_256_230_100_267_25,historic_runs,Göttingen,,SpecificLeafArea,,,0.7
141,True,fixed,auto,WW_sfix_hauto,sim.json,crop.json,site.json,False,dwd/csvs,dwd/csvs/germany_ubn_1901-2018_unzipped,,,,,,1999-01-01,2019-12-31,False,False,True,True,True,False,False,True,False,True,False,False,False,,,0.73,100_256_230_100_267_25,historic_runs,Göttingen,,SpecificLeafArea,,,0.8
142,True,fixed,auto,WW_sfix_hauto,sim.json,crop.json,site.json,False,dwd/csvs,dwd/csvs/germany_ubn_1901-2018_unzipped,,,,,,1999-01-01,2019-12-31,False,False,True,True,True,False,False,True,False,True,False,False,False,,,0.73,100_256_230_100_267_25,historic_runs,Göttingen,,SpecificLeafArea,,,0.9
143,True,fixed,auto,WW_sfix_hauto,sim.json,crop.json,site.json,False,dwd/csvs,dwd/csvs/germany_ubn_1901-2018_unzipped,,,,,,1999-01-01,2019-12-31,False,False,True,True,True,False,False,True,False,True,False,False,False,,,0.73,100_256_230_100_267_25,historic_runs,Göttingen,,SpecificLeafArea,,,1.1
144,True,fixed,auto,WW_sfix_hauto,sim.json,crop.json,site.json,False,dwd/csvs,dwd/csvs/germany_ubn_1901-2018_unzipped,,,,,,1999-01-01,2019-12-31,False,False,True,True,True,False,False,True,False,True,False,False,False,,,0.73,100_256_230_100_267_25,historic_runs,Göttingen,,SpecificLeafArea,,,1.2
145,True,fixed,auto,WW_sfix_hauto,sim.json,crop.json,site.json,False,dwd/csvs,dwd/csvs/germany_ubn_1901-2018_unzipped,,,,,,1999-01-01,2019-12-31,False,False,True,True,True,False,False,True,False,True,False,False,False,,,0.73,100_256_230_100_267_25,historic_runs,Göttingen,,SpecificLeafArea,,,1.3
146,True,fixed,auto,WW_sfix_hauto,sim.json,crop.json,site.json,False,dwd/csvs,dwd/csvs/germany_ubn_1901-2018_unzipped,,,,,,1999-01-01,2019-12-31,False,False,True,True,True,False,False,True,False,True,False,False,False,,,0.73,100_256_230_100_267_25,historic_runs,Göttingen,,SpecificLeafArea,,,1.4
147,True,fixed,auto,WW_sfix_hauto,sim.json,crop.json,site.json,False,dwd/csvs,dwd/csvs/germany_ubn_1901-2018_unzipped,,,,,,1999-01-01,2019-12-31,False,False,True,True,True,False,False,True,False,True,False,False,False,,,0.73,100_256_230_100_267_25,historic_runs,Göttingen,,SpecificLeafArea,,,1.5
148,True,fixed,auto,WW_sfix_hauto,sim.json,crop.json,site.json,False,dwd/csvs,dwd/csvs/germany_ubn_1901-2018_unzipped,,,,,,1999-01-01,2019-12-31,False,False,True,True,True,False,False,True,False,True,False,False,False,,,1.0,100_256_230_100_267_25,historic_runs,,,,,,
149,True,fixed,auto,WW_sfix_hauto,sim.json,crop.json,site.json,False,dwd/csvs,dwd/csvs/germany_ubn_1901-2018_unzipped,,,,,,1999-01-01,2019-12-31,False,False,True,True,True,False,False,True,False,True,False,False,False,,,1.0,100_256_230_100_267_25,historic_runs,Göttingen,,StageTemperatureSum,190,4,
150,True,fixed,auto,WW_sfix_hauto,sim.json,crop.json,site.json,False,dwd/csvs,dwd/csvs/germany_ubn_1901-2018_unzipped,,,,,,1999-01-01,2019-12-31,False,False,True,True,True,False,False,True,False,True,False,False,False,,,1.0,100_256_230_100_267_25,historic_runs,Göttingen,,StageTemperatureSum,230,4,
151,True,fixed,auto,WW_sfix_hauto,sim.json,crop.json,site.json,False,dwd/csvs,dwd/csvs/germany_ubn_1901-2018_unzipped,,,,,,1999-01-01,2019-12-31,False,False,True,True,True,False,False,True,False,True,False,False,False,,,1.0,100_256_230_100_267_25,historic_runs,Göttingen,,StageTemperatureSum,270,4,
152,True,fixed,auto,WW_sfix_hauto,sim.json,crop.json,site.json,False,dwd/csvs,dwd/csvs/germany_ubn_1901-2018_unzipped,,,,,,1999-01-01,2019-12-31,False,False,True,True,True,False,False,True,False,True,False,False,False,,,1.0,100_256_230_100_267_25,historic_runs,Göttingen,,StageTemperatureSum,330,4,
153,True,fixed,auto,WW_sfix_hauto,sim.json,crop.json,site.json,False,dwd/csvs,dwd/csvs/germany_ubn_1901-2018_unzipped,,,,,,1999-01-01,2019-12-31,False,False,True,True,True,False,False,True,False,True,False,False,False,,,1.0,100_256_230_100_267_25,historic_runs,Göttingen,,StageTemperatureSum,380,4,
154,True,fixed,auto,WW_sfix_hauto,sim.json,crop.json,site.json,False,dwd/csvs,dwd/csvs/germany_ubn_1901-2018_unzipped,,,,,,1999-01-01,2019-12-31,False,False,True,True,True,False,False,True,False,True,False,False,False,,,1.0,100_256_230_100_267_25,historic_runs,Göttingen,,StageTemperatureSum,450,4,
155,True,fixed,auto,WW_sfix_hauto,sim.json,crop.json,site.json,False,dwd/csvs,dwd/csvs/germany_ubn_1901-2018_unzipped,,,,,,1999-01-01,2019-12-31,False,False,True,True,True,False,False,True,False,True,False,False,False,,,1.0,100_256_230_100_267_25,historic_runs,Göttingen,,StageTemperatureSum,490,4,
156,True,fixed,auto,WW_sfix_hauto,sim.json,crop.json,site.json,False,dwd/csvs,dwd/csvs/germany_ubn_1901-2018_unzipped,,,,,,1999-01-01,2019-12-31,False,False,True,True,True,False,False,True,False,True,False,False,False,,,1.0,100_256_230_100_267_25,historic_runs,Göttingen,,StageTemperatureSum,520,4,
157,True,fixed,auto,WW_sfix_hauto,sim.json,crop.json,site.json,False,dwd/csvs,dwd/csvs/germany_ubn_1901-2018_unzipped,,,,,,1999-01-01,2019-12-31,False,False,True,True,True,False,False,True,False,True,False,False,False,,,1.0,100_256_230_100_267_25,historic_runs,Göttingen,,StageTemperatureSum,550,4,
158,True,fixed,auto,WW_sfix_hauto,sim.json,crop.json,site.json,False,dwd/csvs,dwd/csvs/germany_ubn_1901-2018_unzipped,,,,,,1999-01-01,2019-12-31,False,False,True,True,True,False,False,True,False,True,False,False,False,,,1.0,100_256_230_100_267_25,historic_runs,Göttingen,,StageTemperatureSum,570,4,
159,True,fixed,auto,WW_sfix_hauto,sim.json,crop.json,site.json,False,dwd/csvs,dwd/csvs/germany_ubn_1901-2018_unzipped,,,,,,1999-01-01,2019-12-31,False,False,True,True,True,False,False,True,False,True,False,False,False,,,1.0,100_256_230_100_267_25,historic_runs,Göttingen,,StageTemperatureSum,142,2,
160,True,fixed,auto,WW_sfix_hauto,sim.json,crop.json,site.json,False,dwd/csvs,dwd/csvs/germany_ubn_1901-2018_unzipped,,,,,,1999-01-01,2019-12-31,False,False,True,True,True,False,False,True,False,True,False,False,False,,,1.0,100_256_230_100_267_25,historic_runs,Göttingen,,StageTemperatureSum,178,2,
161,True,fixed,auto,WW_sfix_hauto,sim.json,crop.json,site.json,False,dwd/csvs,dwd/csvs/germany_ubn_1901-2018_unzipped,,,,,,1999-01-01,2019-12-31,False,False,True,True,True,False,False,True,False,True,False,False,False,,,1.0,100_256_230_100_267_25,historic_runs,Göttingen,,StageTemperatureSum,203,2,
162,True,fixed,auto,WW_sfix_hauto,sim.json,crop.json,site.json,False,dwd/csvs,dwd/csvs/germany_ubn_1901-2018_unzipped,,,,,,1999-01-01,2019-12-31,False,False,True,True,True,False,False,True,False,True,False,False,False,,,1.0,100_256_230_100_267_25,historic_runs,Göttingen,,StageTemperatureSum,245,2,
163,True,fixed,auto,WW_sfix_hauto,sim.json,crop.json,site.json,False,dwd/csvs,dwd/csvs/germany_ubn_1901-2018_unzipped,,,,,,1999-01-01,2019-12-31,False,False,True,True,True,False,False,True,False,True,False,False,False,,,1.0,100_256_230_100_267_25,historic_runs,Göttingen,,StageTemperatureSum,289,2,
164,True,fixed,auto,WW_sfix_hauto,sim.json,crop.json,site.json,False,dwd/csvs,dwd/csvs/germany_ubn_1901-2018_unzipped,,,,,,1999-01-01,2019-12-31,False,False,True,True,True,False,False,True,False,True,False,False,False,,,1.0,100_256_230_100_267_25,historic_runs,Göttingen,,StageTemperatureSum,322,2,
165,True,fixed,auto,WW_sfix_hauto,sim.json,crop.json,site.json,False,dwd/csvs,dwd/csvs/germany_ubn_1901-2018_unzipped,,,,,,1999-01-01,2019-12-31,False,False,True,True,True,False,False,True,False,True,False,False,False,,,1.0,100_256_230_100_267_25,historic_runs,Göttingen,,StageTemperatureSum,378,2,
166,True,fixed,auto,WW_sfix_hauto,sim.json,crop.json,site.json,False,dwd/csvs,dwd/csvs/germany_ubn_1901-2018_unzipped,,,,,,1999-01-01,2019-12-31,False,False,True,True,True,False,False,True,False,True,False,False,False,,,1.0,100_256_230_100_267_25,historic_runs,Göttingen,,StageTemperatureSum,395,2,
167,True,fixed,auto,WW_sfix_hauto,sim.json,crop.json,site.json,False,dwd/csvs,dwd/csvs/germany_ubn_1901-2018_unzipped,,,,,,1999-01-01,2019-12-31,False,False,True,True,True,False,False,True,False,True,False,False,False,,,1.0,100_256_230_100_267_25,historic_runs,Göttingen,,StageTemperatureSum,415,2,
168,True,fixed,auto,WW_sfix_hauto,sim.json,crop.json,site.json,False,dwd/csvs,dwd/csvs/germany_ubn_1901-2018_unzipped,,,,,,1999-01-01,2019-12-31,False,False,True,True,True,False,False,True,False,True,False,False,False,,,1.0,100_256_230_100_267_25,historic_runs,Göttingen,,StageTemperatureSum,426,2,
169,True,fixed,auto,WW_sfix_hauto,sim.json,crop.json,site.json,False,dwd/csvs,dwd/csvs/germany_ubn_1901-2018_unzipped,,,,,,1999-01-01,2019-12-31,False,False,True,True,True,False,False,True,False,True,False,False,False,,,1.0,100_256_230_100_267_25,historic_runs,Göttingen,,DroughtStressThreshold,0.5,2,
170,True,fixed,auto,WW_sfix_hauto,sim.json,crop.json,site.json,False,dwd/csvs,dwd/csvs/germany_ubn_1901-2018_unzipped,,,,,,1999-01-01,2019-12-31,False,False,True,True,True,False,False,True,False,True,False,False,False,,,1.0,100_256_230_100_267_25,historic_runs,Göttingen,,DroughtStressThreshold,0.6,2,
171,True,fixed,auto,WW_sfix_hauto,sim.json,crop.json,site.json,False,dwd/csvs,dwd/csvs/germany_ubn_1901-2018_unzipped,,,,,,1999-01-01,2019-12-31,False,False,True,True,True,False,False,True,False,True,False,False,False,,,1.0,100_256_230_100_267_25,historic_runs,Göttingen,,DroughtStressThreshold,0.7,2,
172,True,fixed,auto,WW_sfix_hauto,sim.json,crop.json,site.json,False,dwd/csvs,dwd/csvs/germany_ubn_1901-2018_unzipped,,,,,,1999-01-01,2019-12-31,False,False,True,True,True,False,False,True,False,True,False,False,False,,,1.0,100_256_230_100_267_25,historic_runs,Göttingen,,DroughtStressThreshold,0.8,2,
173,True,fixed,auto,WW_sfix_hauto,sim.json,crop.json,site.json,False,dwd/csvs,dwd/csvs/germany_ubn_1901-2018_unzipped,,,,,,1999-01-01,2019-12-31,False,False,True,True,True,False,False,True,False,True,False,False,False,,,1.0,100_256_230_100_267_25,historic_runs,Göttingen,,DroughtStressThreshold,0.9,2,
174,True,fixed,auto,WW_sfix_hauto,sim.json,crop.json,site.json,False,dwd/csvs,dwd/csvs/germany_ubn_1901-2018_unzipped,,,,,,1999-01-01,2019-12-31,False,False,True,True,True,False,False,True,False,True,False,False,False,,,1.0,100_256_230_100_267_25,historic_runs,Göttingen,,DroughtStressThreshold,1.1,2,
175,True,fixed,auto,WW_sfix_hauto,sim.json,crop.json,site.json,False,dwd/csvs,dwd/csvs/germany_ubn_1901-2018_unzipped,,,,,,1999-01-01,2019-12-31,False,False,True,True,True,False,False,True,False,True,False,False,False,,,1.0,100_256_230_100_267_25,historic_runs,Göttingen,,DroughtStressThreshold,1.2,2,
176,True,fixed,auto,WW_sfix_hauto,sim.json,crop.json,site.json,False,dwd/csvs,dwd/csvs/germany_ubn_1901-2018_unzipped,,,,,,1999-01-01,2019-12-31,False,False,True,True,True,False,False,True,False,True,False,False,False,,,1.0,100_256_230_100_267_25,historic_runs,Göttingen,,DroughtStressThreshold,1.3,2,
177,True,fixed,auto,WW_sfix_hauto,sim.json,crop.json,site.json,False,dwd/csvs,dwd/csvs/germany_ubn_1901-2018_unzipped,,,,,,1999-01-01,2019-12-31,False,False,True,True,True,False,False,True,False,True,False,False,False,,,1.0,100_256_230_100_267_25,historic_runs,Göttingen,,DroughtStressThreshold,1.4,2,
178,True,fixed,auto,WW_sfix_hauto,sim.json,crop.json,site.json,False,dwd/csvs,dwd/csvs/germany_ubn_1901-2018_unzipped,,,,,,1999-01-01,2019-12-31,False,False,True,True,True,False,False,True,False,True,False,False,False,,,1.0,100_256_230_100_267_25,historic_runs,Göttingen,,DroughtStressThreshold,1.5,2,
179,True,fixed,auto,WW_sfix_hauto,sim.json,crop.json,site.json,False,dwd/csvs,dwd/csvs/germany_ubn_1901-2018_unzipped,,,,,,1999-01-01,2019-12-31,False,False,True,True,True,False,False,True,False,True,False,False,False,,,1.0,100_256_230_100_267_25,historic_runs,Göttingen,,DroughtStressThreshold,0.5,3,
180,True,fixed,auto,WW_sfix_hauto,sim.json,crop.json,site.json,False,dwd/csvs,dwd/csvs/germany_ubn_1901-2018_unzipped,,,,,,1999-01-01,2019-12-31,False,False,True,True,True,False,False,True,False,True,False,False,False,,,1.0,100_256_230_100_267_25,historic_runs,Göttingen,,DroughtStressThreshold,0.6,3,
181,True,fixed,auto,WW_sfix_hauto,sim.json,crop.json,site.json,False,dwd/csvs,dwd/csvs/germany_ubn_1901-2018_unzipped,,,,,,1999-01-01,2019-12-31,False,False,True,True,True,False,False,True,False,True,False,False,False,,,1.0,100_256_230_100_267_25,historic_runs,Göttingen,,DroughtStressThreshold,0.7,3,
182,True,fixed,auto,WW_sfix_hauto,sim.json,crop.json,site.json,False,dwd/csvs,dwd/csvs/germany_ubn_1901-2018_unzipped,,,,,,1999-01-01,2019-12-31,False,False,True,True,True,False,False,True,False,True,False,False,False,,,1.0,100_256_230_100_267_25,historic_runs,Göttingen,,DroughtStressThreshold,0.8,3,
183,True,fixed,auto,WW_sfix_hauto,sim.json,crop.json,site.json,False,dwd/csvs,dwd/csvs/germany_ubn_1901-2018_unzipped,,,,,,1999-01-01,2019-12-31,False,False,True,True,True,False,False,True,False,True,False,False,False,,,1.0,100_256_230_100_267_25,historic_runs,Göttingen,,DroughtStressThreshold,0.9,3,
184,True,fixed,auto,WW_sfix_hauto,sim.json,crop.json,site.json,False,dwd/csvs,dwd/csvs/germany_ubn_1901-2018_unzipped,,,,,,1999-01-01,2019-12-31,False,False,True,True,True,False,False,True,False,True,False,False,False,,,1.0,100_256_230_100_267_25,historic_runs,Göttingen,,DroughtStressThreshold,1.1,3,
185,True,fixed,auto,WW_sfix_hauto,sim.json,crop.json,site.json,False,dwd/csvs,dwd/csvs/germany_ubn_1901-2018_unzipped,,,,,,1999-01-01,2019-12-31,False,False,True,True,True,False,False,True,False,True,False,False,False,,,1.0,100_256_230_100_267_25,historic_runs,Göttingen,,DroughtStressThreshold,1.2,3,
186,True,fixed,auto,WW_sfix_hauto,sim.json,crop.json,site.json,False,dwd/csvs,dwd/csvs/germany_ubn_1901-2018_unzipped,,,,,,1999-01-01,2019-12-31,False,False,True,True,True,False,False,True,False,True,False,False,False,,,1.0,100_256_230_100_267_25,historic_runs,Göttingen,,DroughtStressThreshold,1.3,3,
187,True,fixed,auto,WW_sfix_hauto,sim.json,crop.json,site.json,False,dwd/csvs,dwd/csvs/germany_ubn_1901-2018_unzipped,,,,,,1999-01-01,2019-12-31,False,False,True,True,True,False,False,True,False,True,False,False,False,,,1.0,100_256_230_100_267_25,historic_runs,Göttingen,,DroughtStressThreshold,1.4,3,
188,True,fixed,auto,WW_sfix_hauto,sim.json,crop.json,site.json,False,dwd/csvs,dwd/csvs/germany_ubn_1901-2018_unzipped,,,,,,1999-01-01,2019-12-31,False,False,True,True,True,False,False,True,False,True,False,False,False,,,1.0,100_256_230_100_267_25,historic_runs,Göttingen,,DroughtStressThreshold,1.5,3,
189,True,fixed,auto,WW_sfix_hauto,sim.json,crop.json,site.json,False,dwd/csvs,dwd/csvs/germany_ubn_1901-2018_unzipped,,,,,,1999-01-01,2019-12-31,False,False,True,True,True,False,False,True,False,True,False,False,False,,,1.0,100_256_230_100_267_25,historic_runs,Göttingen,,DroughtStressThreshold,0.4,4,
190,True,fixed,auto,WW_sfix_hauto,sim.json,crop.json,site.json,False,dwd/csvs,dwd/csvs/germany_ubn_1901-2018_unzipped,,,,,,1999-01-01,2019-12-31,False,False,True,True,True,False,False,True,False,True,False,False,False,,,1.0,100_256_230_100_267_25,historic_runs,Göttingen,,DroughtStressThreshold,0.5,4,
191,True,fixed,auto,WW_sfix_hauto,sim.json,crop.json,site.json,False,dwd/csvs,dwd/csvs/germany_ubn_1901-2018_unzipped,,,,,,1999-01-01,2019-12-31,False,False,True,True,True,False,False,True,False,True,False,False,False,,,1.0,100_256_230_100_267_25,historic_runs,Göttingen,,DroughtStressThreshold,0.6,4,
192,True,fixed,auto,WW_sfix_hauto,sim.json,crop.json,site.json,False,dwd/csvs,dwd/csvs/germany_ubn_1901-2018_unzipped,,,,,,1999-01-01,2019-12-31,False,False,True,True,True,False,False,True,False,True,False,False,False,,,1.0,100_256_230_100_267_25,historic_runs,Göttingen,,DroughtStressThreshold,0.7,4,
193,True,fixed,auto,WW_sfix_hauto,sim.json,crop.json,site.json,False,dwd/csvs,dwd/csvs/germany_ubn_1901-2018_unzipped,,,,,,1999-01-01,2019-12-31,False,False,True,True,True,False,False,True,False,True,False,False,False,,,1.0,100_256_230_100_267_25,historic_runs,Göttingen,,DroughtStressThreshold,0.8,4,
194,True,fixed,auto,WW_sfix_hauto,sim.json,crop.json,site.json,False,dwd/csvs,dwd/csvs/germany_ubn_1901-2018_unzipped,,,,,,1999-01-01,2019-12-31,False,False,True,True,True,False,False,True,False,True,False,False,False,,,1.0,100_256_230_100_267_25,historic_runs,Göttingen,,DroughtStressThreshold,1.0,4,
195,True,fixed,auto,WW_sfix_hauto,sim.json,crop.json,site.json,False,dwd/csvs,dwd/csvs/germany_ubn_1901-2018_unzipped,,,,,,1999-01-01,2019-12-31,False,False,True,True,True,False,False,True,False,True,False,False,False,,,1.0,100_256_230_100_267_25,historic_runs,Göttingen,,DroughtStressThreshold,1.1,4,
196,True,fixed,auto,WW_sfix_hauto,sim.json,crop.json,site.json,False,dwd/csvs,dwd/csvs/germany_ubn_1901-2018_unzipped,,,,,,1999-01-01,2019-12-31,False,False,True,True,True,False,False,True,False,True,False,False,False,,,1.0,100_256_230_100_267_25,historic_runs,Göttingen,,DroughtStressThreshold,1.2,4,
197,True,fixed,auto,WW_sfix_hauto,sim.json,crop.json,site.json,False,dwd/csvs,dwd/csvs/germany_ubn_1901-2018_unzipped,,,,,,1999-01-01,2019-12-31,False,False,True,True,True,False,False,True,False,True,False,False,False,,,1.0,100_256_230_100_267_25,historic_runs,Göttingen,,DroughtStressThreshold,1.3,4,
198,True,fixed,auto,WW_sfix_hauto,sim.json,crop.json,site.json,False,dwd/csvs,dwd/csvs/germany_ubn_1901-2018_unzipped,,,,,,1999-01-01,2019-12-31,False,False,True,True,True,False,False,True,False,True,False,False,False,,,1.0,100_256_230_100_267_25,historic_runs,Göttingen,,DroughtStressThreshold,1.4,4,
199,True,fixed,auto,WW_sfix_hauto,sim.json,crop.json,site.json,False,dwd/csvs,dwd/csvs/germany_ubn_1901-2018_unzipped,,,,,,1999-01-01,2019-12-31,False,False,True,True,True,False,False,True,False,True,False,False,False,,,1.0,100_256_230_100_267_25,historic_runs,Göttingen,,DroughtStressThreshold,1.5,4,
200,True,fixed,auto,WW_sfix_hauto,sim.json,crop.json,site.json,False,dwd/csvs,dwd/csvs/germany_ubn_1901-2018_unzipped,,,,,,1999-01-01,2019-12-31,False,False,True,True,True,False,False,True,False,True,False,False,False,,,1.0,100_256_230_100_267_25,historic_runs,Göttingen,RootPenetrationRate,,0.0005,,
201,True,fixed,auto,WW_sfix_hauto,sim.json,crop.json,site.json,False,dwd/csvs,dwd/csvs/germany_ubn_1901-2018_unzipped,,,,,,1999-01-01,2019-12-31,False,False,True,True,True,False,False,True,False,True,False,False,False,,,1.0,100_256_230_100_267_25,historic_runs,Göttingen,RootPenetrationRate,,0.0006,,
202,True,fixed,auto,WW_sfix_hauto,sim.json,crop.json,site.json,False,dwd/csvs,dwd/csvs/germany_ubn_1901-2018_unzipped,,,,,,1999-01-01,2019-12-31,False,False,True,True,True,False,False,True,False,True,False,False,False,,,1.0,100_256_230_100_267_25,historic_runs,Göttingen,RootPenetrationRate,,0.0007,,
203,True,fixed,auto,WW_sfix_hauto,sim.json,crop.json,site.json,False,dwd/csvs,dwd/csvs/germany_ubn_1901-2018_unzipped,,,,,,1999-01-01,2019-12-31,False,False,True,True,True,False,False,True,False,True,False,False,False,,,1.0,100_256_230_100_267_25,historic_runs,Göttingen,RootPenetrationRate,,0.0008,,
204,True,fixed,auto,WW_sfix_hauto,sim.json,crop.json,site.json,False,dwd/csvs,dwd/csvs/germany_ubn_1901-2018_unzipped,,,,,,1999-01-01,2019-12-31,False,False,True,True,True,False,False,True,False,True,False,False,False,,,1.0,100_256_230_100_267_25,historic_runs,Göttingen,RootPenetrationRate,,0.0009,,
205,True,fixed,auto,WW_sfix_hauto,sim.json,crop.json,site.json,False,dwd/csvs,dwd/csvs/germany_ubn_1901-2018_unzipped,,,,,,1999-01-01,2019-12-31,False,False,True,True,True,False,False,True,False,True,False,False,False,,,1.0,100_256_230_100_267_25,historic_runs,Göttingen,RootPenetrationRate,,0.0011,,
206,True,fixed,auto,WW_sfix_hauto,sim.json,crop.json,site.json,False,dwd/csvs,dwd/csvs/germany_ubn_1901-2018_unzipped,,,,,,1999-01-01,2019-12-31,False,False,True,True,True,False,False,True,False,True,False,False,False,,,1.0,100_256_230_100_267_25,historic_runs,Göttingen,RootPenetrationRate,,0.0012,,
207,True,fixed,auto,WW_sfix_hauto,sim.json,crop.json,site.json,False,dwd/csvs,dwd/csvs/germany_ubn_1901-2018_unzipped,,,,,,1999-01-01,2019-12-31,False,False,True,True,True,False,False,True,False,True,False,False,False,,,1.0,100_256_230_100_267_25,historic_runs,Göttingen,RootPenetrationRate,,0.0013,,
208,True,fixed,auto,WW_sfix_hauto,sim.json,crop.json,site.json,False,dwd/csvs,dwd/csvs/germany_ubn_1901-2018_unzipped,,,,,,1999-01-01,2019-12-31,False,False,True,True,True,False,False,True,False,True,False,False,False,,,1.0,100_256_230_100_267_25,historic_runs,Göttingen,RootPenetrationRate,,0.0014,,
209,True,fixed,auto,WW_sfix_hauto,sim.json,crop.json,site.json,False,dwd/csvs,dwd/csvs/germany_ubn_1901-2018_unzipped,,,,,,1999-01-01,2019-12-31,False,False,True,True,True,False,False,True,False,True,False,False,False,,,1.0,100_256_230_100_267_25,historic_runs,Göttingen,RootPenetrationRate,,0.0015,,
210,True,fixed,auto,WW_sfix_hauto,sim.json,crop.json,site.json,False,dwd/csvs,dwd/csvs/germany_ubn_1901-2018_unzipped,,,,,,1999-01-01,2019-12-31,False,False,True,True,True,False,False,True,False,True,False,False,False,,,1.0,100_256_230_100_267_25,historic_runs,Göttingen,RootPenetrationRate,,0.0011,,
211,True,fixed,auto,WW_sfix_hauto,sim.json,crop.json,site.json,False,dwd/csvs,dwd/csvs/germany_ubn_1901-2018_unzipped,,,,,,1999-01-01,2019-12-31,False,False,True,True,True,False,False,True,False,True,False,False,False,,,1.0,100_256_230_100_267_25,historic_runs,Göttingen,,MaxAssimilationRate,30,,
212,True,fixed,auto,WW_sfix_hauto,sim.json,crop.json,site.json,False,dwd/csvs,dwd/csvs/germany_ubn_1901-2018_unzipped,,,,,,1999-01-01,2019-12-31,False,False,True,True,True,False,False,True,False,True,False,False,False,,,1.0,100_256_230_100_267_25,historic_runs,Göttingen,,MaxAssimilationRate,31,,
213,True,fixed,auto,WW_sfix_hauto,sim.json,crop.json,site.json,False,dwd/csvs,dwd/csvs/germany_ubn_1901-2018_unzipped,,,,,,1999-01-01,2019-12-31,False,False,True,True,True,False,False,True,False,True,False,False,False,,,1.0,100_256_230_100_267_25,historic_runs,Göttingen,,MaxAssimilationRate,32,,
214,True,fixed,auto,WW_sfix_hauto,sim.json,crop.json,site.json,False,dwd/csvs,dwd/csvs/germany_ubn_1901-2018_unzipped,,,,,,1999-01-01,2019-12-31,False,False,True,True,True,False,False,True,False,True,False,False,False,,,1.0,100_256_230_100_267_25,historic_runs,Göttingen,,MaxAssimilationRate,33,,
215,True,fixed,auto,WW_sfix_hauto,sim.json,crop.json,site.json,False,dwd/csvs,dwd/csvs/germany_ubn_1901-2018_unzipped,,,,,,1999-01-01,2019-12-31,False,False,True,True,True,False,False,True,False,True,False,False,False,,,1.0,100_256_230_100_267_25,historic_runs,Göttingen,,MaxAssimilationRate,34,,
216,True,fixed,auto,WW_sfix_hauto,sim.json,crop.json,site.json,False,dwd/csvs,dwd/csvs/germany_ubn_1901-2018_unzipped,,,,,,1999-01-01,2019-12-31,False,False,True,True,True,False,False,True,False,True,False,False,False,,,1.0,100_256_230_100_267_25,historic_runs,Göttingen,,MaxAssimilationRate,29,,
217,True,fixed,auto,WW_sfix_hauto,sim.json,crop.json,site.json,False,dwd/csvs,dwd/csvs/germany_ubn_1901-2018_unzipped,,,,,,1999-01-01,2019-12-31,False,False,True,True,True,False,False,True,False,True,False,False,False,,,1.0,100_256_230_100_267_25,historic_runs,Göttingen,,MaxAssimilationRate,28,,
218,True,fixed,auto,WW_sfix_hauto,sim.json,crop.json,site.json,False,dwd/csvs,dwd/csvs/germany_ubn_1901-2018_unzipped,,,,,,1999-01-01,2019-12-31,False,False,True,True,True,False,False,True,False,True,False,False,False,,,1.0,100_256_230_100_267_25,historic_runs,Göttingen,,MaxAssimilationRate,27,,
219,True,fixed,auto,WW_sfix_hauto,sim.json,crop.json,site.json,False,dwd/csvs,dwd/csvs/germany_ubn_1901-2018_unzipped,,,,,,1999-01-01,2019-12-31,False,False,True,True,True,False,False,True,False,True,False,False,False,,,1.0,100_256_230_100_267_25,historic_runs,Göttingen,,MaxAssimilationRate,26,,
220,True,fixed,auto,WW_sfix_hauto,sim.json,crop.json,site.json,False,dwd/csvs,dwd/csvs/germany_ubn_1901-2018_unzipped,,,,,,1999-01-01,2019-12-31,False,False,True,True,True,False,False,True,False,True,False,False,False,,,1.0,100_256_230_100_267_25,historic_runs,Göttingen,,MaxAssimilationRate,35,,
221,True,fixed,auto,WW_sfix_hauto,sim.json,crop.json,site.json,False,dwd/csvs,dwd/csvs/germany_ubn_1901-2018_unzipped,,,,,,1999-01-01,2019-12-31,False,False,True,True,True,False,False,True,False,True,False,False,False,,,0.73,100_256_230_100_267_25,historic_runs,Göttingen,,,,,